School,G,W,L,W-L%,TmPts,OppPts,TmMP,TmFG,TmFGA,TmFG%,Tm3P,Tm3PA,Tm3P%,TmFT,TmFTA,TmFT%,TmORB,TmTRB,TmAST,TmSTL,TmBLK,TmTOV,TmPF
Abilene Christian,34,16,18,.471,2452,2500,1375,861,1987,.433,180,530,.340,550,757,.727,329,1139,431,262,72,434,665
Air Force,31,9,22,.290,2051,2243,1250,727,1604,.453,273,757,.361,324,475,.682,225,872,451,202,122,372,541
Akron NCAA,35,24,11,.686,2577,2316,1405,915,2018,.453,280,863,.324,467,642,.727,363,1278,455,197,100,394,583
Alabama NCAA,37,25,12,.676,3335,3006,1490,1136,2385,.476,413,1108,.373,650,842,.772,472,1467,587,256,162,438,734
Alabama A&M,35,12,23,.343,2414,2653,1405,806,1918,.420,148,516,.287,654,906,.722,394,1248,369,261,136,565,727
Alabama State,32,13,19,.406,2195,2221,1303,772,2087,.370,223,793,.281,428,592,.723,453,1265,345,277,123,361,609
Albany (NY),32,13,19,.406,2517,2521,1285,918,2059,.446,250,757,.330,431,594,.726,364,1153,411,266,101,425,621
Alcorn State,32,14,18,.438,2300,2477,1285,818,1851,.442,166,492,.337,498,699,.712,360,1086,371,220,56,370,567
American,32,16,16,.500,2200,2176,1291,782,1740,.449,279,794,.351,355,492,.722,287,1043,449,186,54,347,527
Appalachian State,34,27,7,.794,2665,2283,1390,997,2100,.475,224,674,.332,447,657,.680,373,1416,498,209,230,365,449
Arizona NCAA,36,27,9,.750,3137,2594,1465,1124,2321,.484,284,776,.366,605,844,.717,471,1533,665,300,133,430,590
Arizona State,32,14,18,.438,2209,2368,1285,791,1901,.416,215,716,.300,412,629,.655,269,1064,385,263,117,335,532
Arkansas,33,16,17,.485,2566,2633,1340,859,1898,.453,199,625,.318,649,859,.756,281,1139,387,198,201,395,655
Arkansas State,37,20,17,.541,2917,2850,1485,1021,2313,.441,341,991,.344,534,761,.702,489,1419,536,207,163,414,644
Arkansas-Pine Bluff,31,13,18,.419,2483,2536,1240,813,1821,.446,337,898,.375,520,682,.762,261,1073,467,183,67,413,568
Army,32,10,22,.313,1930,2059,1295,707,1747,.405,252,788,.320,264,449,.588,308,1088,401,184,126,389,506
Auburn NCAA,35,27,8,.771,2909,2391,1400,1010,2121,.476,280,795,.352,609,812,.750,393,1323,622,258,215,374,678
Austin Peay,35,19,16,.543,2619,2561,1425,941,2105,.447,277,768,.361,460,652,.706,378,1188,388,250,95,308,615
Ball State,31,15,16,.484,2280,2200,1255,769,1726,.446,232,641,.362,510,665,.767,294,1082,385,170,96,374,469
Baylor NCAA,35,24,11,.686,2814,2489,1430,967,2001,.483,301,773,.389,579,791,.732,399,1229,514,236,110,421,577
Bellarmine,31,8,23,.258,2153,2320,1250,797,1837,.434,238,698,.341,321,412,.779,245,1002,420,164,60,297,486
Belmont,33,20,13,.606,2570,2493,1325,922,1939,.476,301,811,.371,425,588,.723,237,1130,504,248,101,402,511
Bethune-Cookman,34,17,17,.500,2479,2467,1375,860,1994,.431,199,620,.321,560,742,.755,356,1139,414,351,117,471,696
Binghamton,30,15,15,.500,2163,2167,1210,801,1738,.461,164,536,.306,397,595,.667,313,1156,435,150,113,366,498
Boise State NCAA,33,22,11,.667,2479,2221,1330,858,1913,.449,258,759,.340,505,686,.736,384,1231,404,189,78,366,550
Boston College,36,20,16,.556,2667,2587,1450,982,2155,.456,299,826,.362,404,539,.750,338,1271,509,212,124,376,566
Boston University,33,16,17,.485,2193,2198,1335,768,1856,.414,254,763,.333,403,562,.717,309,1167,427,216,102,384,571
Bowling Green State,34,20,14,.588,2502,2414,1385,882,2045,.431,216,730,.296,522,730,.715,386,1292,383,221,96,392,533
Bradley,35,23,12,.657,2592,2348,1415,943,1999,.472,306,835,.366,400,550,.727,324,1214,463,250,144,423,578
Brigham Young NCAA,34,23,11,.676,2768,2378,1360,992,2155,.460,378,1087,.348,406,547,.742,405,1343,629,202,101,364,602
Brown,31,13,18,.419,2212,2227,1261,782,1818,.430,254,745,.341,394,603,.653,367,1154,417,196,131,385,519
Bryant,33,20,13,.606,2598,2488,1330,954,2087,.457,273,806,.339,417,623,.669,259,1246,487,230,213,393,557
Bucknell,33,14,19,.424,2153,2217,1335,758,1770,.428,269,795,.338,368,514,.716,276,1073,399,202,113,405,559
Buffalo,31,4,27,.129,2108,2471,1245,770,1830,.421,207,746,.277,361,504,.716,323,1082,415,188,141,450,484
Butler,33,18,15,.545,2544,2432,1350,922,2036,.453,276,778,.355,424,536,.791,308,1162,499,204,110,361,454
Cal Poly,32,4,28,.125,2037,2371,1295,719,1778,.404,198,598,.331,401,569,.705,283,1000,314,173,117,405,614
Cal State Bakersfield,32,13,19,.406,2199,2214,1295,807,1861,.434,150,476,.315,435,602,.723,382,1109,335,220,114,389,652
Cal State Fullerton,32,14,18,.438,2172,2212,1285,740,1717,.431,207,627,.330,485,685,.708,269,1048,284,214,98,393,571
Cal State Northridge,34,19,15,.559,2551,2503,1365,940,2065,.455,165,537,.307,506,757,.668,402,1362,472,253,114,481,707
California,32,13,19,.406,2367,2465,1310,833,1980,.421,281,831,.338,420,578,.727,343,1189,387,193,83,370,552
California Baptist,33,16,17,.485,2222,2197,1330,762,1857,.410,220,674,.326,478,700,.683,397,1241,372,133,87,392,524
Campbell,32,14,18,.438,2272,2307,1295,806,1740,.463,232,673,.345,428,590,.725,246,1040,425,202,77,383,485
Canisius,32,14,18,.438,2252,2307,1290,841,1910,.440,232,690,.336,338,541,.625,384,1181,401,192,111,432,520
Central Arkansas,32,9,23,.281,2309,2502,1285,817,1965,.416,256,747,.343,419,566,.740,359,1165,437,225,105,407,548
Central Connecticut State,31,20,11,.645,2237,2061,1250,810,1798,.451,208,645,.322,409,577,.709,298,1111,444,232,150,349,423
Central Michigan,32,18,14,.563,2127,2242,1315,790,1880,.420,200,660,.303,347,526,.660,339,1162,364,192,119,384,527
Charleston Southern,30,10,20,.333,2028,2210,1200,715,1727,.414,208,629,.331,390,530,.736,301,1066,306,115,90,366,512
Charlotte,31,19,12,.613,2131,2034,1250,748,1655,.452,201,635,.317,434,576,.753,260,1006,407,168,105,301,479
Chattanooga,33,21,12,.636,2581,2362,1335,892,1915,.466,349,971,.359,448,601,.745,305,1206,447,208,121,393,524
Chicago State,32,13,19,.406,2224,2258,1285,771,1816,.425,201,641,.314,481,676,.712,389,1074,354,277,103,422,559
Cincinnati,37,22,15,.595,2765,2522,1500,1023,2310,.443,280,849,.330,439,638,.688,492,1460,540,240,164,445,555
Clemson NCAA,36,24,12,.667,2785,2563,1450,991,2115,.469,296,844,.351,507,650,.780,326,1308,533,165,138,363,585
Cleveland State,36,21,15,.583,2717,2622,1450,1005,2246,.447,232,697,.333,475,711,.668,455,1267,477,297,140,370,658
Coastal Carolina,31,9,22,.290,2280,2434,1250,835,1880,.444,201,626,.321,409,616,.664,353,1250,395,178,97,420,496
Colgate NCAA,35,25,10,.714,2498,2242,1400,929,1979,.469,272,757,.359,368,540,.681,286,1245,526,227,122,368,468
College of Charleston NCAA,35,27,8,.771,2832,2575,1405,1006,2278,.442,368,1072,.343,452,626,.722,457,1392,536,219,108,348,558
Colorado NCAA,37,26,11,.703,2935,2654,1495,1049,2121,.495,254,649,.391,583,744,.784,368,1367,600,221,80,467,548
Colorado State NCAA,36,25,11,.694,2707,2422,1450,980,2024,.484,264,781,.338,483,642,.752,283,1203,648,226,113,376,613
Columbia,27,13,14,.481,2078,1956,1080,749,1597,.469,231,616,.375,349,477,.732,265,964,471,209,62,330,437
Connecticut NCAA,40,37,3,.925,3256,2536,1600,1177,2367,.497,340,951,.358,562,756,.743,469,1553,748,246,217,383,650
Coppin State,29,2,27,.069,1678,2112,1170,585,1571,.372,153,540,.283,355,489,.726,283,873,240,222,81,455,513
Cornell,30,22,8,.733,2463,2241,1200,895,1836,.487,310,892,.348,363,502,.723,287,1063,544,250,79,366,549
Creighton NCAA,35,25,10,.714,2815,2446,1435,1016,2101,.484,375,1018,.368,408,518,.788,294,1334,588,134,143,372,403
Dartmouth,27,6,21,.222,1670,1940,1080,594,1447,.411,191,626,.305,291,422,.690,200,898,332,120,95,344,374
Davidson,32,15,17,.469,2242,2174,1300,783,1816,.431,235,749,.314,441,602,.733,295,1109,403,207,112,338,511
Dayton NCAA,33,25,8,.758,2448,2193,1325,831,1752,.474,310,777,.399,476,643,.740,265,1107,483,182,129,343,447
Delaware,33,19,14,.576,2416,2299,1325,891,1917,.465,227,678,.335,407,576,.707,304,1178,454,178,100,356,496
Delaware State,34,15,19,.441,2401,2415,1385,851,1961,.434,158,494,.320,541,766,.706,385,1170,413,285,66,503,574
Denver,34,17,17,.500,2755,2737,1385,946,2103,.450,294,845,.348,569,779,.730,348,1213,444,211,132,340,573
DePaul,32,3,29,.094,2071,2616,1280,725,1714,.423,200,597,.335,421,574,.733,233,951,392,168,99,435,482
Detroit Mercy,32,1,31,.031,2111,2568,1290,761,1806,.421,187,666,.281,402,547,.735,286,945,346,222,78,427,553
Drake NCAA,35,28,7,.800,2797,2463,1435,992,2079,.477,300,819,.366,513,681,.753,278,1202,559,226,56,337,570
Drexel,32,20,12,.625,2346,2130,1295,861,1886,.457,216,628,.344,408,565,.722,369,1253,406,161,127,346,491
Duke NCAA,36,27,9,.750,2830,2387,1440,1004,2112,.475,298,791,.377,524,725,.723,383,1319,551,235,132,349,571
Duquesne NCAA,37,25,12,.676,2611,2467,1480,921,2110,.436,279,821,.340,490,681,.720,389,1288,497,277,160,433,634
East Carolina,33,15,18,.455,2287,2319,1330,803,1903,.422,218,696,.313,463,669,.692,393,1154,406,260,92,358,516
East Tennessee State,35,19,16,.543,2502,2435,1405,866,2131,.406,272,876,.311,498,730,.682,486,1350,399,269,163,433,638
Eastern Illinois,32,14,18,.438,2204,2172,1280,822,1951,.421,179,560,.320,381,521,.731,349,1131,413,258,95,331,567
Eastern Kentucky,31,17,14,.548,2504,2371,1245,917,1993,.460,243,678,.358,427,628,.680,410,1244,453,196,190,356,502
Eastern Michigan,31,13,18,.419,2047,2252,1255,783,1825,.429,178,585,.304,303,454,.667,321,1069,321,179,77,361,508
Eastern Washington,32,21,11,.656,2586,2407,1285,894,1783,.501,273,749,.364,525,681,.771,258,1083,562,191,115,422,579
Elon,32,13,19,.406,2339,2413,1280,824,1848,.446,275,781,.352,416,588,.707,331,1082,418,201,85,379,503
Evansville,35,17,18,.486,2481,2562,1410,915,2043,.448,237,705,.336,414,577,.718,270,1178,451,227,108,406,535
Fairfield,37,24,13,.649,2794,2626,1480,991,2221,.446,342,943,.363,470,620,.758,368,1239,497,314,82,394,531
FDU,32,15,17,.469,2430,2482,1290,843,2012,.419,268,812,.330,476,680,.700,364,1191,484,263,81,408,571
Florida NCAA,36,24,12,.667,3080,2851,1465,1077,2351,.458,280,812,.345,646,903,.715,527,1522,546,241,189,420,664
Florida A&M,29,6,23,.207,1949,2240,1180,727,1679,.433,170,495,.343,325,464,.700,278,1002,414,173,82,442,541
Florida Atlantic NCAA,34,25,9,.735,2789,2495,1390,992,2074,.478,284,810,.351,521,724,.720,396,1294,505,244,105,388,546
Florida Gulf Coast,32,14,18,.438,2253,2276,1285,827,1817,.455,250,704,.355,349,502,.695,316,1098,375,193,108,363,464
Florida International,33,11,22,.333,2429,2525,1325,882,2019,.437,284,840,.338,381,569,.670,344,1044,465,337,135,451,595
Florida State,33,17,16,.515,2526,2518,1325,903,1995,.453,200,630,.317,520,735,.707,336,1098,406,305,142,392,651
Fordham,33,13,20,.394,2325,2389,1345,798,1993,.400,265,841,.315,464,701,.662,430,1225,419,265,156,426,666
Fresno State,33,12,21,.364,2233,2439,1340,812,1794,.453,229,690,.332,380,555,.685,260,1043,411,203,81,415,520
Furman,33,17,16,.515,2623,2506,1340,911,2054,.444,320,988,.324,481,661,.728,371,1247,535,235,95,391,528
Gardner-Webb,33,17,16,.515,2426,2414,1336,867,1992,.435,249,722,.345,443,702,.631,370,1260,419,193,78,385,633
George Mason,32,20,12,.625,2273,2109,1280,791,1720,.460,218,637,.342,473,637,.743,323,1152,365,175,110,378,527
George Washington,32,15,17,.469,2457,2472,1315,841,1901,.442,287,796,.361,488,654,.746,293,1180,395,189,153,397,465
Georgetown,32,9,23,.281,2267,2492,1290,775,1867,.415,265,766,.346,452,633,.714,390,1090,391,183,98,390,533
Georgia,37,20,17,.541,2764,2764,1485,943,2195,.430,300,883,.340,578,803,.720,366,1319,436,237,121,421,598
Georgia Southern,33,9,24,.273,2420,2615,1335,847,1971,.430,309,878,.352,417,570,.732,347,1130,354,228,132,436,662
Georgia State,31,14,17,.452,2370,2319,1250,856,1967,.435,234,718,.326,424,560,.757,325,1160,366,179,89,301,543
Georgia Tech,32,14,18,.438,2272,2407,1300,810,1924,.421,254,780,.326,398,561,.709,367,1219,425,140,128,393,527
Gonzaga NCAA,35,27,8,.771,2959,2420,1400,1120,2162,.518,243,674,.361,476,660,.721,379,1355,585,233,135,342,546
Grambling NCAA,36,21,15,.583,2436,2506,1458,860,1955,.440,185,547,.338,531,750,.708,346,1158,354,266,115,473,577
Grand Canyon NCAA,35,30,5,.857,2769,2346,1405,924,2008,.460,245,729,.336,676,903,.749,412,1335,424,289,192,430,625
Green Bay,32,18,14,.563,2209,2207,1290,780,1742,.448,285,840,.339,364,504,.722,283,1061,412,140,69,384,552
Hampton,33,9,24,.273,2369,2520,1320,853,2011,.424,241,759,.318,422,591,.714,372,1221,421,193,123,411,537
Harvard,27,14,13,.519,1900,1937,1090,665,1516,.439,200,596,.336,370,527,.702,250,941,351,168,117,328,400
Hawaii,34,20,14,.588,2458,2337,1375,843,1841,.458,265,776,.341,507,706,.718,287,1155,414,157,88,423,594
High Point,36,27,9,.750,3020,2680,1465,999,2163,.462,300,879,.341,722,928,.778,476,1440,427,182,120,399,651
Hofstra,33,20,13,.606,2449,2259,1325,904,1918,.471,330,890,.371,311,413,.753,254,1081,507,204,115,344,480
Holy Cross,33,10,23,.303,2194,2462,1325,815,1857,.439,249,704,.354,315,476,.662,273,1079,365,133,109,364,532
Houston NCAA,37,32,5,.865,2720,2132,1495,981,2233,.439,286,821,.348,472,687,.687,497,1374,484,362,178,330,658
Houston Christian,29,6,23,.207,2074,2420,1165,759,1751,.433,147,488,.301,409,635,.644,346,1076,330,162,82,445,422
Howard NCAA,35,18,17,.514,2623,2600,1420,868,1932,.449,281,757,.371,606,807,.751,395,1257,485,212,98,541,661
Idaho,32,11,21,.344,2170,2278,1285,785,1778,.442,243,726,.335,357,487,.733,254,1010,392,179,102,367,567
Idaho State,34,14,20,.412,2397,2383,1385,875,1902,.460,218,663,.329,429,625,.686,337,1093,408,238,121,372,546
Illinois NCAA,38,29,9,.763,3168,2787,1530,1104,2356,.469,317,908,.349,643,874,.736,486,1554,506,166,143,401,576
Illinois State,32,15,17,.469,2128,2165,1280,743,1752,.424,194,665,.292,448,630,.711,323,1114,400,178,72,360,502
Illinois-Chicago,33,12,21,.364,2319,2361,1345,844,1927,.438,287,790,.363,344,500,.688,271,1110,459,203,176,408,583
Incarnate Word,31,8,23,.258,2240,2436,1250,768,1795,.428,236,712,.331,468,644,.727,333,1133,377,187,128,495,589
Indiana,33,19,14,.576,2386,2452,1320,879,1848,.476,166,513,.324,462,696,.664,293,1154,504,171,133,400,559
Indiana State,39,32,7,.821,3309,2854,1565,1141,2258,.505,427,1119,.382,600,754,.796,279,1383,698,238,72,452,638
Iona,33,16,17,.485,2354,2329,1320,857,1984,.432,271,768,.353,369,566,.652,345,1051,473,292,96,336,588
Iowa,34,19,15,.559,2827,2700,1365,1025,2154,.476,226,644,.351,551,712,.774,333,1210,606,232,134,327,575
Iowa State NCAA,37,29,8,.784,2787,2277,1480,1002,2164,.463,246,687,.358,537,765,.702,393,1254,582,382,113,387,610
IU Indy,32,6,26,.188,2108,2554,1285,775,1768,.438,110,444,.248,448,609,.736,316,944,332,244,67,468,558
Jackson State,32,15,17,.469,2279,2418,1285,799,1923,.415,211,650,.325,470,668,.704,417,1161,384,239,111,428,544
Jacksonville,33,16,17,.485,2371,2389,1325,835,1918,.435,214,650,.329,485,688,.705,412,1209,355,255,100,431,648
Jacksonville State,32,14,18,.438,2240,2126,1285,803,1778,.452,170,507,.335,464,661,.702,370,1178,354,216,126,433,524
James Madison NCAA,36,32,4,.889,2995,2506,1455,1073,2254,.476,307,852,.360,542,771,.703,415,1390,577,325,113,392,621
Kansas NCAA,34,23,11,.676,2569,2376,1365,960,1967,.488,195,587,.332,454,630,.721,280,1228,647,243,133,397,502
Kansas City,32,16,16,.500,2300,2217,1300,813,1903,.427,269,811,.332,405,568,.713,367,1162,411,191,120,385,624
Kansas State,34,19,15,.559,2454,2417,1395,837,1919,.436,251,790,.318,529,735,.720,378,1275,475,202,139,503,596
Kennesaw State,31,15,16,.484,2568,2504,1250,908,2035,.446,292,888,.329,460,682,.674,380,1204,460,228,126,374,623
Kent State,34,17,17,.500,2544,2424,1385,890,2016,.441,282,788,.358,482,646,.746,377,1178,436,234,89,403,609
Kentucky NCAA,33,23,10,.697,2938,2630,1335,1055,2132,.495,327,800,.409,501,649,.772,332,1241,579,248,207,352,577
La Salle,33,16,17,.485,2398,2411,1340,877,2041,.430,281,811,.346,363,502,.723,336,1142,484,209,110,316,550
Lafayette,32,11,21,.344,2010,2154,1300,744,1823,.408,227,728,.312,295,438,.674,279,1064,421,210,139,372,518
Lamar,33,19,14,.576,2568,2406,1340,912,2025,.450,248,717,.346,496,679,.730,412,1257,544,233,123,426,615
Le Moyne,32,15,17,.469,2318,2245,1285,823,1906,.432,315,910,.346,357,469,.761,270,1093,503,256,103,367,489
Lehigh,32,14,18,.438,2326,2272,1310,829,1887,.439,230,714,.322,438,596,.735,263,1137,422,231,73,386,532
Liberty,32,18,14,.563,2362,2096,1290,863,1848,.467,324,880,.368,312,472,.661,279,1087,508,167,74,334,480
Lindenwood,31,9,22,.290,2019,2266,1245,696,1726,.403,149,527,.283,478,653,.732,272,983,249,191,77,373,541
Lipscomb,32,20,12,.625,2626,2448,1280,960,1946,.493,297,781,.380,409,533,.767,244,1064,465,196,110,321,414
Little Rock,34,21,13,.618,2628,2464,1370,957,2024,.473,217,629,.345,497,664,.748,369,1244,502,203,160,417,596
Long Beach State NCAA,36,21,15,.583,2786,2735,1450,993,2239,.444,194,637,.305,606,855,.709,450,1399,550,285,151,455,620
Long Island University,29,7,22,.241,1929,2227,1170,706,1691,.418,157,506,.310,360,532,.677,272,1014,363,187,88,422,557
Longwood NCAA,35,21,14,.600,2615,2396,1420,931,2053,.453,201,590,.341,552,804,.687,470,1343,446,244,88,444,639
Louisiana,33,19,14,.576,2504,2365,1320,919,2025,.454,251,743,.338,415,569,.729,371,1133,409,284,124,388,592
Louisiana State,33,17,16,.515,2520,2474,1325,868,1907,.455,256,717,.357,528,730,.723,345,1177,388,264,125,434,574
Louisiana Tech,32,22,10,.688,2392,2065,1290,823,1802,.457,229,633,.362,517,738,.701,376,1244,404,240,161,398,500
Louisiana-Monroe,30,11,19,.367,2096,2233,1205,751,1788,.420,152,513,.296,442,665,.665,396,1133,381,219,66,374,539
Louisville,32,8,24,.250,2304,2530,1285,799,1833,.436,175,571,.306,531,712,.746,318,1100,356,174,83,410,544
Loyola (IL),33,23,10,.697,2412,2228,1330,855,1900,.450,274,775,.354,428,629,.680,317,1213,547,233,166,423,643
Loyola (MD),32,7,25,.219,2049,2301,1295,737,1767,.417,230,685,.336,345,536,.644,328,1097,410,189,69,436,518
Loyola Marymount,31,12,19,.387,2244,2214,1240,802,1791,.448,261,710,.368,379,519,.730,307,1082,369,114,81,333,504
Maine,32,15,17,.469,2164,2159,1290,801,1831,.437,173,587,.295,389,541,.719,255,1044,397,269,105,365,522
Manhattan,30,7,23,.233,1985,2275,1215,740,1792,.413,219,695,.315,286,396,.722,275,989,432,226,88,402,417
Marist,31,18,13,.581,2004,1928,1240,726,1638,.443,212,596,.356,340,488,.697,222,996,381,212,87,378,503
Marquette NCAA,37,27,10,.730,2888,2583,1485,1078,2256,.478,327,928,.352,405,576,.703,322,1212,587,317,131,369,556
Marshall,33,13,20,.394,2435,2531,1320,864,2117,.408,270,870,.310,437,615,.711,406,1303,492,230,144,393,530
Maryland,33,16,17,.485,2278,2174,1335,766,1854,.413,201,696,.289,545,757,.720,380,1179,360,217,149,387,576
Maryland-Baltimore County,32,11,21,.344,2517,2583,1285,955,2049,.466,255,714,.357,352,504,.698,304,1179,417,163,126,418,505
Maryland-Eastern Shore,29,9,20,.310,1890,2046,1175,668,1664,.401,168,570,.295,386,540,.715,315,1014,312,203,81,399,508
Massachusetts,31,20,11,.645,2401,2193,1245,858,1904,.451,209,668,.313,476,681,.699,416,1188,483,236,93,345,579
Massachusetts-Lowell,32,22,10,.688,2561,2261,1290,913,1924,.475,186,566,.329,549,746,.736,367,1305,406,222,157,425,480
McNeese State NCAA,34,30,4,.882,2719,2116,1360,973,1997,.487,257,671,.383,516,745,.693,382,1226,506,350,115,329,588
Memphis,32,22,10,.688,2576,2424,1290,897,1952,.460,266,759,.350,514,709,.725,383,1185,438,274,145,419,551
Mercer,33,16,17,.485,2348,2371,1320,880,1961,.449,210,608,.345,378,565,.669,368,1132,434,229,113,367,631
Merrimack,33,21,12,.636,2283,2159,1330,795,1814,.438,241,779,.309,452,620,.729,260,1034,409,325,121,436,532
Miami (FL),32,15,17,.469,2424,2356,1285,889,1960,.454,286,792,.361,360,483,.745,324,1174,454,229,100,386,419
Miami (OH),32,15,17,.469,2259,2241,1285,798,1802,.443,259,717,.361,404,572,.706,257,1063,462,202,99,375,552
Michigan,32,8,24,.250,2334,2528,1295,829,1869,.444,255,710,.359,421,599,.703,340,1134,400,133,114,414,549
Michigan State NCAA,35,20,15,.571,2551,2312,1405,949,2058,.461,227,626,.363,426,602,.708,353,1215,558,248,132,350,581
Middle Tennessee,33,14,19,.424,2167,2319,1345,741,1843,.402,241,774,.311,444,631,.704,344,1147,329,175,138,462,516
Milwaukee,35,20,15,.571,2782,2753,1425,980,2198,.446,277,861,.322,545,750,.727,473,1364,498,208,155,439,635
Minnesota,34,19,15,.559,2550,2444,1365,910,1930,.472,268,754,.355,462,670,.690,343,1187,588,214,150,408,547
Mississippi,32,20,12,.625,2398,2365,1280,839,1876,.447,241,660,.365,479,658,.728,333,1071,484,251,184,344,522
Mississippi State NCAA,35,21,14,.600,2593,2417,1405,917,2027,.452,251,781,.321,508,758,.670,436,1333,491,284,107,455,580
Mississippi Valley State,31,1,30,.032,1719,2409,1245,613,1611,.381,143,489,.292,350,532,.658,298,911,271,205,71,495,550
Missouri,32,8,24,.250,2309,2438,1285,807,1838,.439,233,730,.319,462,583,.792,293,992,390,245,154,370,642
Missouri State,33,17,16,.515,2351,2352,1340,848,1931,.439,223,711,.314,432,608,.711,335,1291,399,142,149,397,504
Monmouth,33,18,15,.545,2390,2396,1321,860,1998,.430,252,726,.347,418,585,.715,370,1167,432,236,114,345,559
Montana,36,24,12,.667,2768,2586,1450,1007,2075,.485,277,774,.358,477,602,.792,299,1227,537,172,107,371,600
Montana State NCAA,35,17,18,.486,2635,2606,1420,941,2012,.468,319,863,.370,434,596,.728,237,1068,463,289,84,408,647
Morehead State NCAA,35,26,9,.743,2635,2220,1400,944,2021,.467,329,912,.361,418,592,.706,407,1372,526,206,160,413,553
Morgan State,31,11,20,.355,2253,2402,1250,840,1862,.451,148,505,.293,425,561,.758,338,1099,388,192,111,451,594
Mount St. Mary's,32,13,19,.406,2327,2298,1295,876,1852,.473,217,615,.353,358,494,.725,312,1125,423,221,125,465,496
Murray State,32,12,20,.375,2232,2237,1285,821,1841,.446,209,651,.321,381,547,.697,299,1048,369,192,88,304,490
Navy,31,13,18,.419,2060,2067,1250,716,1809,.396,181,603,.300,447,631,.708,386,1104,376,207,63,317,559
NC State NCAA,41,26,15,.634,3101,2942,1660,1117,2483,.450,285,827,.345,582,794,.733,415,1447,536,297,148,392,664
Nebraska NCAA,34,23,11,.676,2643,2411,1375,912,2017,.452,319,893,.357,500,658,.760,326,1280,521,214,89,377,539
Nevada NCAA,34,26,8,.765,2582,2276,1365,881,1860,.474,227,625,.363,593,824,.720,302,1167,511,214,121,342,599
Nevada-Las Vegas,34,21,13,.618,2501,2341,1380,906,1959,.462,231,685,.337,458,633,.724,350,1164,450,208,154,376,540
New Hampshire,31,16,15,.516,2298,2297,1245,801,1934,.414,275,848,.324,421,565,.745,285,1160,365,226,64,372,472
New Mexico NCAA,36,26,10,.722,2916,2545,1440,1067,2343,.455,233,711,.328,549,776,.707,462,1429,524,312,178,361,632
New Mexico State,32,13,19,.406,2166,2318,1295,771,1822,.423,206,626,.329,418,617,.677,286,1079,359,195,98,382,636
New Orleans,33,10,23,.303,2427,2622,1326,846,2023,.418,179,589,.304,556,772,.720,377,1139,391,254,118,407,629
Niagara,32,16,16,.500,2319,2307,1295,822,1749,.470,199,550,.362,476,633,.752,235,975,409,180,70,378,480
Nicholls State,34,20,14,.588,2512,2514,1405,849,1909,.445,284,778,.365,530,731,.725,325,1199,387,229,140,450,636
NJIT,28,7,21,.250,1902,2101,1120,663,1681,.394,201,666,.302,375,529,.709,321,972,294,201,92,311,535
Norfolk State,35,24,11,.686,2608,2364,1405,908,1978,.459,223,656,.340,569,788,.722,384,1205,436,308,108,425,650
North Alabama,32,15,17,.469,2447,2435,1306,857,1931,.444,246,679,.362,487,634,.768,317,1132,359,171,101,324,589
North Carolina NCAA,37,29,8,.784,3032,2608,1485,1046,2323,.450,301,839,.359,639,842,.759,452,1520,536,214,151,373,611
North Carolina A&T,32,7,25,.219,2098,2494,1280,726,1873,.388,192,669,.287,454,637,.713,300,1020,326,180,104,300,488
North Carolina Central,31,18,13,.581,2375,2139,1250,823,1812,.454,233,681,.342,496,714,.695,349,1097,398,237,83,372,552
North Dakota,32,18,14,.563,2408,2300,1285,858,1934,.444,264,809,.326,428,600,.713,366,1171,371,202,96,324,485
North Dakota State,32,15,17,.469,2388,2366,1315,873,1834,.476,252,667,.378,390,543,.718,271,1097,370,139,43,355,468
North Florida,32,16,16,.500,2496,2427,1295,849,1917,.443,383,1063,.360,415,542,.766,284,1076,398,179,116,362,517
North Texas,34,19,15,.559,2353,2169,1370,826,1907,.433,284,753,.377,417,566,.737,390,1179,378,241,101,378,571
Northeastern,32,12,20,.375,2221,2315,1280,810,1780,.455,204,642,.318,397,531,.748,326,1062,435,200,107,398,485
Northern Arizona,33,14,19,.424,2265,2529,1330,825,1883,.438,207,663,.312,408,586,.696,274,1034,444,187,102,416,605
Northern Colorado,33,19,14,.576,2617,2542,1360,969,1997,.485,254,730,.348,425,583,.729,270,1157,482,207,79,368,547
Northern Illinois,31,11,20,.355,2269,2399,1255,800,1802,.444,227,696,.326,442,658,.672,320,1111,317,164,153,394,539
Northern Iowa,33,19,14,.576,2417,2346,1330,843,1849,.456,238,690,.345,493,697,.707,265,1117,414,206,85,340,547
Northern Kentucky,33,18,15,.545,2470,2416,1340,882,1935,.456,209,656,.319,497,691,.719,347,1141,456,284,86,407,543
Northwestern NCAA,34,22,12,.647,2493,2348,1385,892,1960,.455,278,713,.390,431,573,.752,290,1068,530,239,106,300,598
Northwestern State,32,9,23,.281,2257,2429,1300,808,1872,.432,204,643,.317,437,663,.659,365,1107,368,223,105,425,598
Notre Dame,33,13,20,.394,2113,2216,1335,742,1824,.407,251,790,.318,378,508,.744,324,1185,335,189,80,413,497
Oakland NCAA,36,24,12,.667,2751,2634,1465,966,2166,.446,318,895,.355,501,667,.751,383,1292,522,237,100,396,544
Ohio,33,20,13,.606,2551,2309,1335,901,1987,.453,294,827,.356,455,623,.730,333,1153,464,235,118,321,562
Ohio State,36,22,14,.611,2718,2528,1456,957,2126,.450,254,736,.345,550,717,.767,394,1335,507,201,166,381,611
Oklahoma,32,20,12,.625,2412,2201,1290,835,1797,.465,239,692,.345,503,677,.743,310,1126,427,189,104,399,515
Oklahoma State,32,12,20,.375,2272,2327,1295,793,1799,.441,260,778,.334,426,611,.697,294,1078,428,200,92,413,511
Old Dominion,32,7,25,.219,2268,2464,1290,841,2001,.420,221,694,.318,365,551,.662,320,1134,330,251,123,349,581
Omaha,33,15,18,.455,2441,2404,1330,845,1873,.451,206,631,.326,545,734,.743,282,1111,336,200,73,326,552
Oral Roberts,31,12,19,.387,2275,2334,1250,812,1846,.440,285,790,.361,366,493,.742,235,1022,341,175,106,300,534
Oregon NCAA,36,24,12,.667,2721,2602,1453,982,2145,.458,263,778,.338,494,687,.719,357,1238,497,258,131,366,591
Oregon State,32,13,19,.406,2204,2326,1310,772,1745,.442,196,597,.328,464,630,.737,275,1041,355,192,119,395,593
Pacific,32,6,26,.188,2071,2553,1290,725,1762,.411,203,643,.316,418,650,.643,209,875,422,195,64,377,551
Penn State,33,16,17,.485,2478,2422,1330,854,1951,.438,255,764,.334,515,689,.747,316,1065,417,275,112,366,603
Pennsylvania,29,11,18,.379,2159,2157,1180,781,1721,.454,275,750,.367,322,468,.688,303,1042,428,173,67,323,431
Pepperdine,33,13,20,.394,2403,2443,1320,868,1924,.451,225,624,.361,442,628,.704,334,1115,438,169,90,370,537
Pittsburgh,33,22,11,.667,2495,2232,1320,873,1999,.437,317,887,.357,432,610,.708,376,1223,452,208,147,297,510
Portland,33,12,21,.364,2360,2622,1325,826,1891,.437,292,842,.347,416,581,.716,276,1112,446,136,72,394,490
Portland State,32,17,15,.531,2302,2299,1289,809,1949,.415,237,730,.325,447,652,.686,375,1181,379,226,107,361,579
Prairie View,31,10,21,.323,2176,2368,1240,770,1831,.421,149,489,.305,487,675,.721,303,952,373,283,87,396,626
Presbyterian,33,14,19,.424,2469,2413,1330,897,1901,.472,210,629,.334,465,701,.663,312,1099,426,232,106,377,612
Princeton,29,24,5,.828,2235,1932,1160,777,1695,.458,304,854,.356,377,468,.806,244,966,422,173,55,237,392
Providence,35,21,14,.600,2534,2407,1415,891,2011,.443,290,891,.325,462,640,.722,321,1257,477,225,161,424,552
Purdue NCAA,39,34,5,.872,3211,2691,1575,1109,2272,.488,318,788,.404,675,938,.720,476,1577,720,212,142,442,536
Purdue Fort Wayne,36,23,13,.639,2886,2577,1450,1043,2231,.468,340,942,.361,460,654,.703,302,1173,490,332,111,375,612
Queens (NC),33,14,19,.424,2643,2693,1320,928,2095,.443,294,864,.340,493,694,.710,372,1220,435,230,91,377,573
Quinnipiac,34,24,10,.706,2630,2422,1365,938,2089,.449,254,723,.351,500,645,.775,369,1256,479,260,125,423,552
Radford,33,16,17,.485,2377,2361,1335,871,1907,.457,238,655,.363,397,537,.739,339,1143,366,183,116,357,561
Rhode Island,32,12,20,.375,2322,2443,1280,826,1800,.459,209,599,.349,461,713,.647,332,1178,408,151,99,403,541
Rice,32,11,21,.344,2304,2421,1295,833,1880,.443,251,744,.337,387,557,.695,330,1134,461,178,117,372,463
Richmond,33,23,10,.697,2372,2188,1325,874,1889,.463,242,668,.362,382,522,.732,188,1081,436,220,97,285,468
Rider,32,15,17,.469,2309,2308,1295,836,1921,.435,182,540,.337,455,608,.748,362,1202,427,210,124,398,560
Robert Morris,32,10,22,.313,2326,2425,1300,833,1927,.432,273,812,.336,387,540,.717,391,1159,431,157,92,443,564
Rutgers,32,15,17,.469,2092,2129,1285,750,1927,.389,175,610,.287,417,634,.658,392,1188,377,247,167,365,541
Sacramento State,34,10,24,.294,2282,2394,1360,798,1855,.430,258,780,.331,428,598,.716,399,1209,444,178,93,495,577
Sacred Heart,32,16,16,.500,2372,2313,1280,864,1898,.455,237,650,.365,407,586,.695,300,1079,440,279,161,373,540
Saint Francis (PA),30,8,22,.267,1955,2181,1205,713,1682,.424,193,576,.335,336,551,.610,357,1038,367,178,107,412,532
Saint Joseph's,35,21,14,.600,2641,2469,1410,928,2084,.445,351,996,.352,434,598,.726,353,1253,513,247,133,401,534
Saint Louis,33,13,20,.394,2473,2620,1320,845,1873,.451,259,705,.367,524,699,.750,287,1107,426,200,101,388,596
Saint Mary's (CA) NCAA,34,26,8,.765,2516,2013,1370,936,2007,.466,258,733,.352,386,571,.676,448,1345,550,223,130,347,556
Saint Peter's NCAA,33,19,14,.576,2140,2113,1325,720,1830,.393,192,590,.325,508,713,.712,411,1161,350,235,137,414,640
Sam Houston,33,21,12,.636,2381,2282,1330,828,1948,.425,245,697,.352,480,663,.724,393,1255,425,226,75,435,596
Samford NCAA,35,29,6,.829,3012,2607,1400,1054,2152,.490,351,889,.395,553,765,.723,371,1252,619,347,131,455,667
San Diego,33,18,15,.545,2392,2550,1320,849,1978,.429,233,677,.344,461,633,.728,331,1128,432,239,126,437,628
San Diego State NCAA,37,26,11,.703,2742,2467,1505,954,2167,.440,259,822,.315,575,784,.733,432,1398,481,275,149,413,647
San Francisco,34,23,11,.676,2643,2262,1370,995,2044,.487,293,825,.355,360,477,.755,320,1159,554,279,117,392,622
San Jose State,32,9,23,.281,2228,2403,1290,832,1856,.448,267,778,.343,297,423,.702,252,986,433,165,106,336,547
Santa Clara,33,20,13,.606,2538,2384,1325,912,1984,.460,271,766,.354,443,620,.715,397,1296,497,158,89,422,584
Seattle,37,23,14,.622,2730,2471,1510,956,2143,.446,281,811,.346,537,730,.736,373,1369,481,215,106,470,683
Seton Hall,37,25,12,.676,2730,2587,1500,987,2184,.452,229,681,.336,527,674,.782,445,1379,481,280,179,466,562
Siena,32,4,28,.125,1934,2382,1280,702,1758,.399,169,603,.280,361,541,.667,375,1132,342,164,130,505,491
South Alabama,32,16,16,.500,2367,2421,1300,835,1886,.443,239,692,.345,458,611,.750,254,1057,341,216,88,362,532
South Carolina NCAA,34,26,8,.765,2450,2297,1370,865,1970,.439,274,809,.339,446,627,.711,387,1210,524,162,108,344,550
South Carolina State,32,14,18,.438,2245,2390,1290,784,1914,.410,200,620,.323,477,692,.689,477,1203,435,267,111,487,666
South Carolina Upstate,30,10,20,.333,2130,2188,1215,780,1753,.445,230,691,.333,340,530,.642,262,950,375,217,96,346,589
South Dakota,32,12,20,.375,2434,2535,1300,875,1916,.457,251,669,.375,433,583,.743,334,1198,391,115,56,411,511
South Dakota State NCAA,35,22,13,.629,2675,2490,1410,977,2029,.482,300,823,.365,421,593,.710,289,1240,450,213,112,395,501
South Florida,33,25,8,.758,2499,2288,1320,837,1900,.441,295,804,.367,530,719,.737,328,1189,491,229,112,356,568
Southeast Missouri State,31,9,22,.290,2078,2278,1245,764,1848,.413,192,631,.304,358,512,.699,279,984,383,178,78,371,606
Southeastern Louisiana,32,15,17,.469,2209,2271,1290,764,1769,.432,235,677,.347,446,613,.728,343,1120,463,222,73,442,523
Southern,32,18,14,.563,2275,2198,1290,807,1829,.441,221,684,.323,440,653,.674,312,1020,440,291,105,456,631
Southern California,33,15,18,.455,2446,2452,1340,872,1932,.451,252,709,.355,450,649,.693,331,1123,515,247,172,418,560
Southern Illinois,32,19,13,.594,2325,2183,1300,791,1746,.453,264,761,.347,479,629,.762,270,1055,456,175,98,356,579
SIU Edwardsville,33,17,16,.515,2360,2314,1320,832,1965,.423,239,720,.332,457,631,.724,375,1175,374,226,137,352,550
Southern Indiana,32,8,24,.250,2195,2335,1285,737,1811,.407,215,664,.324,506,679,.745,319,1139,362,204,94,423,672
Southern Methodist,33,20,13,.606,2535,2271,1325,934,2089,.447,251,735,.341,416,606,.686,480,1314,517,277,159,372,564
Southern Mississippi,32,16,16,.500,2236,2273,1280,775,1826,.424,201,614,.327,485,693,.700,343,1177,376,229,154,411,550
Southern Utah,31,10,21,.323,2326,2406,1245,820,1861,.441,195,649,.300,491,674,.728,322,1049,375,202,92,373,548
St. Bonaventure,33,20,13,.606,2424,2265,1335,853,1872,.456,251,687,.365,467,603,.774,320,1087,412,218,128,358,553
St. John's (NY),33,20,13,.606,2602,2374,1320,970,2139,.453,237,696,.341,425,584,.728,476,1279,518,232,180,360,593
St. Thomas,33,20,13,.606,2402,2140,1325,859,1824,.471,299,829,.361,385,528,.729,255,1027,451,204,71,303,520
Stanford,32,14,18,.438,2443,2447,1300,882,1886,.468,286,774,.370,393,540,.728,248,1097,515,176,99,410,490
Stephen F. Austin,33,18,15,.545,2463,2353,1345,849,1890,.449,203,607,.334,562,796,.706,393,1184,422,295,93,530,697
Stetson NCAA,35,22,13,.629,2687,2566,1405,950,2053,.463,313,857,.365,474,619,.766,339,1216,465,187,108,369,516
Stonehill,31,4,27,.129,1967,2360,1245,714,1788,.399,253,834,.303,286,415,.689,257,1020,366,198,77,421,477
Stony Brook,35,20,15,.571,2573,2531,1430,921,2101,.438,277,775,.357,454,614,.739,336,1280,424,211,113,359,532
Syracuse,32,20,12,.625,2442,2420,1280,883,1915,.461,219,651,.336,457,634,.721,277,1064,442,290,129,364,493
Tarleton State,35,25,10,.714,2593,2402,1405,951,2091,.455,203,623,.326,488,645,.757,379,1192,482,308,124,395,605
TCU NCAA,34,21,13,.618,2687,2439,1380,964,2089,.461,224,632,.354,535,732,.731,433,1263,575,305,128,438,593
Temple,36,16,20,.444,2551,2624,1470,876,2214,.396,296,931,.318,503,709,.709,406,1304,402,265,105,357,610
Tennessee NCAA,36,27,9,.750,2836,2426,1440,979,2223,.440,315,915,.344,563,750,.751,419,1393,600,280,166,367,629
Tennessee State,33,18,15,.545,2400,2343,1325,832,1881,.442,217,667,.325,519,687,.755,327,1144,396,220,116,436,644
Tennessee Tech,31,10,21,.323,2089,2289,1250,758,1692,.448,202,608,.332,371,522,.711,191,957,379,156,90,369,421
Tennessee-Martin,32,21,11,.656,2609,2455,1290,908,2045,.444,279,779,.358,514,667,.771,325,1319,415,199,89,366,455
Texas NCAA,34,21,13,.618,2563,2342,1365,932,1988,.469,245,691,.355,454,600,.757,339,1179,512,244,149,393,587
Texas A&M NCAA,36,21,15,.583,2736,2591,1450,926,2304,.402,255,869,.293,629,890,.707,627,1541,412,250,108,346,611
Texas A&M-Commerce,33,13,20,.394,2361,2462,1365,829,1996,.415,288,922,.312,415,592,.701,316,1075,457,262,164,385,582
Texas A&M-Corpus Christi,33,21,12,.636,2480,2200,1335,889,2046,.435,183,616,.297,519,738,.703,438,1328,485,291,96,400,689
Texas Southern,33,16,17,.485,2316,2346,1325,821,1980,.415,242,766,.316,432,597,.724,365,1165,384,228,124,415,610
Texas State,35,17,18,.486,2445,2452,1410,883,1988,.444,159,488,.326,520,747,.696,388,1243,413,258,118,470,617
Texas Tech NCAA,34,23,11,.676,2561,2368,1365,877,1943,.451,289,804,.359,518,664,.780,338,1188,501,204,86,378,508
Texas-Rio Grande Valley,31,6,25,.194,2181,2473,1250,754,1801,.419,160,547,.293,513,728,.705,290,1037,400,251,92,434,563
The Citadel,32,11,21,.344,2260,2289,1285,819,1782,.460,197,600,.328,425,602,.706,300,1094,359,179,84,385,447
Toledo,32,20,12,.625,2560,2436,1290,920,1926,.478,207,550,.376,513,680,.754,318,1081,430,233,64,342,498
Towson,34,20,14,.588,2296,2164,1375,818,1934,.423,216,659,.328,444,672,.661,491,1337,381,210,142,413,565
Troy,32,20,12,.625,2546,2261,1300,859,1950,.441,276,787,.351,552,753,.733,427,1230,438,331,105,441,611
Tulane,31,14,17,.452,2540,2481,1260,856,1798,.476,233,653,.357,595,813,.732,217,1030,440,243,136,347,530
Tulsa,31,16,15,.516,2325,2290,1255,779,1775,.439,239,731,.327,528,717,.736,270,1091,392,243,105,403,543
UAB NCAA,35,23,12,.657,2711,2627,1420,937,2085,.449,215,658,.327,622,834,.746,451,1329,473,236,159,406,555
UC Davis,33,20,13,.606,2351,2246,1330,799,1808,.442,230,684,.336,523,699,.748,327,1102,411,257,116,444,633
UC Irvine,34,24,10,.706,2639,2321,1370,967,2035,.475,197,565,.349,508,675,.753,360,1287,529,219,113,393,624
UC Riverside,34,16,18,.471,2404,2448,1366,842,2122,.397,287,904,.317,433,604,.717,420,1256,446,191,48,326,586
UC San Diego,33,21,12,.636,2530,2290,1335,884,1933,.457,293,818,.358,469,624,.752,317,1147,429,205,91,320,532
UC Santa Barbara,31,16,15,.516,2337,2280,1250,826,1684,.490,187,519,.360,498,677,.736,252,1081,417,152,99,405,511
UCF,33,17,16,.515,2366,2242,1325,817,1945,.420,225,698,.322,507,723,.701,408,1243,375,287,165,413,601
UCLA,33,16,17,.485,2177,2160,1320,762,1820,.419,183,552,.332,470,644,.730,339,1115,368,192,109,358,609
UNC Asheville,34,22,12,.647,2682,2485,1375,906,1950,.465,277,759,.365,593,799,.742,319,1182,534,203,146,403,581
UNC Greensboro,32,21,11,.656,2422,2233,1290,865,1878,.461,322,812,.397,370,507,.730,319,1133,473,223,81,349,549
UNC Wilmington,31,21,10,.677,2461,2202,1260,863,1871,.461,258,741,.348,477,628,.760,330,1066,379,202,75,266,527
UT Arlington,34,20,14,.588,2614,2492,1365,880,1981,.444,305,861,.354,549,747,.735,404,1275,536,241,130,526,706
Utah,37,22,15,.595,2915,2708,1495,1082,2309,.469,345,933,.370,406,625,.650,370,1438,654,217,154,426,587
Utah State NCAA,35,28,7,.800,2788,2497,1420,999,2036,.491,226,678,.333,564,783,.720,332,1254,572,238,148,385,594
Utah Tech,31,11,20,.355,2194,2389,1250,771,1724,.447,201,596,.337,451,699,.645,307,1070,401,205,133,495,647
Utah Valley,32,16,16,.500,2199,2195,1290,801,1851,.433,154,540,.285,443,655,.676,335,1179,477,222,143,395,578
UTEP,34,18,16,.529,2470,2348,1370,859,1922,.447,194,609,.319,558,809,.690,361,1124,439,389,97,500,677
UTSA,32,11,21,.344,2483,2591,1300,837,2040,.410,311,922,.337,498,701,.710,419,1289,444,161,133,360,573
Valparaiso,32,7,25,.219,2163,2416,1280,796,1961,.406,234,721,.325,337,471,.715,320,1064,384,197,113,353,521
Vanderbilt,32,9,23,.281,2173,2428,1285,748,1877,.399,209,738,.283,468,660,.709,344,1102,300,196,92,333,489
Vermont NCAA,35,28,7,.800,2506,2205,1405,900,1980,.455,300,878,.342,406,567,.716,268,1212,478,206,136,322,488
Villanova,34,18,16,.529,2388,2231,1390,826,1945,.425,315,933,.338,421,521,.808,288,1184,437,197,81,327,520
Virginia NCAA,34,23,11,.676,2140,2033,1375,808,1887,.428,220,615,.358,304,477,.637,298,1107,509,239,169,274,460
Virginia Commonwealth,38,24,14,.632,2697,2534,1530,906,2059,.440,322,911,.353,563,721,.781,343,1336,515,246,167,462,625
VMI,32,4,28,.125,2204,2644,1285,818,1935,.423,210,673,.312,358,517,.692,299,1170,335,179,82,507,539
Virginia Tech,34,19,15,.559,2547,2413,1360,886,1905,.465,276,792,.348,499,629,.793,263,1101,514,180,83,376,540
Wagner NCAA,33,17,16,.515,2103,2083,1335,758,1913,.396,238,727,.327,349,496,.704,369,1183,421,195,76,326,507
Wake Forest,35,21,14,.600,2733,2473,1410,968,2042,.474,278,764,.364,519,653,.795,296,1197,429,207,145,375,542
Washington,32,17,15,.531,2579,2468,1305,931,1980,.470,258,728,.354,459,636,.722,301,1151,482,184,118,374,585
Washington State NCAA,35,25,10,.714,2574,2335,1410,948,2046,.463,223,658,.339,455,646,.704,391,1317,435,181,172,383,582
Weber State,32,20,12,.625,2414,2161,1290,843,1797,.469,251,721,.348,477,637,.749,248,1025,390,221,53,316,495
West Virginia,32,9,23,.281,2234,2459,1290,767,1784,.430,233,667,.349,467,662,.705,293,1080,417,139,114,405,487
Western Carolina,32,22,10,.688,2459,2198,1295,902,1963,.460,261,713,.366,394,553,.712,335,1269,367,141,103,330,536
Western Illinois,33,21,12,.636,2272,2167,1330,826,1936,.427,195,611,.319,425,691,.615,482,1397,421,173,185,436,470
Western Kentucky NCAA,34,22,12,.647,2728,2531,1361,996,2138,.466,233,686,.340,503,699,.720,361,1358,454,260,110,470,625
Western Michigan,32,12,20,.375,2281,2396,1295,828,1912,.433,253,747,.339,372,595,.625,402,1212,418,169,87,428,550
Wichita State,34,15,19,.441,2475,2484,1370,935,2091,.447,220,660,.333,385,552,.697,396,1339,413,213,142,419,522
William & Mary,33,10,23,.303,2305,2380,1325,787,1910,.412,296,916,.323,435,620,.702,341,1161,407,156,56,357,560
Winthrop,32,17,15,.531,2475,2287,1310,818,1763,.464,238,697,.341,601,856,.702,341,1134,380,201,89,415,570
Wisconsin NCAA,36,22,14,.611,2688,2520,1455,952,2067,.461,256,734,.349,528,699,.755,362,1224,458,224,59,358,594
Wofford,32,17,15,.531,2384,2362,1300,874,1905,.459,306,852,.359,330,532,.620,337,1190,494,142,86,373,522
Wright State,32,18,14,.563,2767,2599,1295,1033,1948,.530,218,569,.383,483,638,.757,290,1111,529,200,90,379,499
Wyoming,32,15,17,.469,2331,2383,1290,791,1755,.451,241,648,.372,508,686,.741,307,1103,374,165,80,408,500
Xavier,34,16,18,.471,2579,2538,1360,923,2116,.436,232,678,.342,501,672,.746,401,1297,551,236,115,396,572
Yale NCAA,33,23,10,.697,2465,2226,1340,919,1969,.467,241,687,.351,386,546,.707,326,1205,495,204,105,316,499
Youngstown State,32,22,10,.688,2598,2269,1290,931,2064,.451,282,872,.323,454,589,.771,409,1279,490,198,156,353,520