School,OppMP,OppFG,OppFGA,OppFG%,Opp3P,Opp3PA,Opp3P%,OppFT,OppFTA,OppFT%,OppORB,OppTRB,OppAST,OppSTL,OppBLK,OppTOV,OppPF
Abilene Christian,1215,727,1726,.421,200,653,.306,330,453,.728,291,1005,390,260,109,479,534
Air Force,1285,756,1711,.442,137,438,.313,472,622,.759,351,1236,334,255,119,614,464
Akron,1190,715,1686,.424,173,557,.311,314,455,.690,318,1052,402,226,96,434,486
Alabama NCAA,1360,792,2024,.391,158,541,.292,373,536,.696,429,1225,415,252,146,580,609
Alabama A&M,1250,682,1726,.395,144,441,.327,410,575,.713,346,1115,343,268,102,538,552
Alabama State,1160,748,1760,.425,138,453,.305,492,701,.702,427,1211,432,355,117,437,463
Albany (NY),1280,618,1652,.374,146,528,.277,259,370,.700,299,910,313,241,106,487,516
Alcorn State,1280,666,1787,.373,176,597,.295,507,764,.664,384,1170,374,313,86,465,563
American,1210,719,1686,.426,158,521,.303,384,536,.716,314,1090,373,251,93,498,500
Appalachian State,1285,865,2041,.424,184,551,.334,436,614,.710,422,1314,400,262,108,573,636
Arizona NCAA,1400,810,1908,.425,206,652,.316,411,604,.680,405,1217,457,248,116,669,563
Arizona State,1250,796,1858,.428,195,604,.323,386,549,.703,430,1300,492,165,151,464,489
Arkansas,1320,858,2146,.400,211,656,.322,344,476,.723,402,1439,462,209,109,485,597
Arkansas State,1210,715,1764,.405,191,633,.302,295,404,.730,338,1082,400,160,71,451,494
Arkansas-Pine Bluff,1327,766,2013,.381,173,594,.291,532,775,.686,416,1285,462,266,103,614,644
Army,1160,678,1531,.443,135,433,.312,315,436,.722,242,958,396,215,138,466,398
Auburn NCAA,1280,652,1717,.380,126,446,.283,452,622,.727,342,1165,290,241,109,656,592
Austin Peay,1335,701,1811,.387,172,530,.325,412,588,.701,334,1062,348,265,93,502,569
Ball State,1370,773,1870,.413,195,604,.323,331,478,.692,326,1183,429,231,78,657,579
Baylor NCAA,1360,775,1956,.396,156,594,.263,349,507,.688,303,1121,396,254,111,624,581
Bellarmine,1165,757,1748,.433,193,634,.304,468,638,.734,347,1155,354,218,88,497,538
Belmont,1400,817,2074,.394,194,665,.292,353,492,.717,387,1243,426,225,80,503,607
Bethune-Cookman,1255,670,1786,.375,135,528,.256,411,593,.693,391,1196,386,252,104,637,597
Binghamton,1240,696,1722,.404,131,432,.303,346,541,.640,369,1114,287,196,78,461,439
Boise State,1405,768,2081,.369,204,695,.294,323,453,.713,341,1225,404,259,137,487,596
Boston College,1326,855,1900,.450,170,560,.304,419,564,.743,402,1234,454,252,107,683,593
Boston University,1300,731,1927,.379,200,630,.317,309,423,.730,405,1101,427,245,86,431,562
Bowling Green State,1240,794,1841,.431,217,606,.358,364,492,.740,341,1072,442,196,96,407,533
Bradley,1285,906,2011,.451,199,609,.327,397,543,.731,389,1266,543,284,97,400,473
Brigham Young,1325,770,1968,.391,220,647,.340,409,560,.730,327,1110,402,254,111,404,560
Brown,1080,634,1610,.394,141,458,.308,259,370,.700,354,1068,335,204,103,447,423
Bryant,1205,687,1724,.398,165,555,.297,291,404,.720,313,1061,380,236,85,422,508
Bucknell,1245,724,1827,.396,168,573,.293,282,404,.698,346,1118,418,274,106,402,491
Buffalo,1325,760,1965,.387,213,786,.271,365,527,.693,408,1274,474,227,101,492,533
Butler,1280,774,1819,.426,184,565,.326,253,358,.707,307,1044,444,229,111,414,432
Cal Poly,1250,648,1633,.397,178,550,.324,410,582,.704,311,996,339,265,128,548,540
Cal State Bakersfield,1165,700,1671,.419,201,637,.316,342,483,.708,359,1211,391,192,74,459,424
Cal State Fullerton,1240,748,1778,.421,215,630,.341,316,433,.730,340,1116,412,300,90,501,449
Cal State Northridge,1210,751,1888,.398,236,769,.307,351,509,.690,415,1318,483,314,93,493,462
California,1370,839,1981,.424,183,533,.343,360,512,.703,384,1196,445,219,92,465,531
California Baptist NCAA,1305,804,2117,.380,268,920,.291,405,584,.693,378,1346,510,220,106,535,567
Campbell,1245,643,1733,.371,131,494,.265,290,418,.694,290,972,297,231,81,409,478
Canisius,1245,706,1739,.406,172,613,.281,331,454,.729,299,1023,384,242,111,416,507
Central Arkansas,1330,694,1891,.367,167,587,.284,393,585,.672,359,1170,326,224,83,490,504
Central Connecticut State,1205,720,1749,.412,164,534,.307,380,518,.734,405,1227,346,218,91,476,438
Central Michigan,1130,729,1801,.405,195,589,.331,354,485,.730,338,1025,392,294,75,368,476
Charleston Southern,1205,736,1838,.400,182,570,.319,344,485,.709,362,1096,376,277,72,478,480
Charlotte,1270,704,1822,.386,184,631,.292,361,511,.706,359,1100,418,259,109,561,616
Chattanooga NCAA,1320,644,1712,.376,124,463,.268,386,552,.699,290,1037,271,163,118,432,482
Chicago State,1095,818,1830,.447,178,565,.315,427,631,.677,429,1180,481,308,64,416,443
Cincinnati,1280,748,1844,.406,206,713,.289,410,563,.728,333,1108,439,218,121,470,618
Clemson,1254,832,1933,.430,220,686,.321,294,416,.707,365,1093,499,280,90,464,554
Cleveland State,1400,786,2037,.386,235,774,.304,342,473,.723,362,1157,492,255,125,595,686
Coastal Carolina,1325,831,2067,.402,241,738,.327,452,672,.673,479,1286,433,304,109,543,697
Colgate,1365,743,1811,.410,96,395,.243,312,465,.671,279,1023,376,237,68,476,564
College of Charleston,1285,732,1880,.389,195,676,.288,351,529,.664,382,1287,425,169,123,648,556
Colorado NCAA,1370,779,1904,.409,215,629,.342,412,541,.762,292,1108,391,220,150,576,504
Colorado State,1245,702,1894,.371,210,692,.303,284,406,.700,339,1255,389,158,41,410,424
Columbia NCAA,1200,703,1762,.399,163,515,.317,337,455,.741,318,956,398,180,85,448,485
Connecticut NCAA,1560,820,2301,.356,248,881,.281,343,479,.716,423,1288,458,213,92,664,639
Coppin State,1200,682,1705,.400,138,469,.294,292,418,.699,365,1161,341,231,99,496,493
Cornell,1040,639,1492,.428,155,494,.314,319,450,.709,297,972,388,212,89,397,472
Creighton NCAA,1280,752,1861,.404,164,539,.304,343,481,.713,314,1099,424,181,70,400,485
Dartmouth,1040,608,1513,.402,159,489,.325,144,217,.664,298,951,345,195,61,325,352
Davidson,1040,516,1367,.377,107,361,.296,301,411,.732,271,840,204,162,58,405,420
Dayton,1245,782,1788,.437,193,535,.361,378,557,.679,303,1002,407,237,117,441,488
Delaware,1245,759,1885,.403,203,602,.337,339,502,.675,340,1132,445,243,110,522,533
Delaware State,1130,762,1726,.441,187,582,.321,271,401,.676,365,1091,449,265,91,484,454
Denver,1200,778,1738,.448,160,477,.335,374,480,.779,291,1089,382,172,67,392,526
DePaul,1290,837,1926,.435,225,629,.358,385,532,.724,324,1227,492,220,101,558,454
Detroit Mercy,1325,740,1927,.384,199,648,.307,415,575,.722,341,1089,371,307,90,444,561
Drake NCAA,1415,939,2261,.415,260,764,.340,312,422,.739,332,1087,506,296,120,534,654
Drexel NCAA,1368,714,1785,.400,158,512,.309,314,440,.714,360,1151,395,227,112,550,450
Duke NCAA,1375,700,1894,.370,167,528,.316,400,580,.690,368,1076,331,281,98,576,516
Duquesne,1380,809,2075,.390,243,709,.343,416,558,.746,370,1238,454,215,116,458,557
East Carolina,1341,738,1911,.386,194,620,.313,403,593,.680,477,1287,473,298,81,697,604
East Tennessee State,1200,611,1627,.376,176,555,.317,271,408,.664,326,1034,287,187,70,443,496
Eastern Illinois,1350,844,2055,.411,207,614,.337,342,479,.714,384,1211,483,314,90,480,508
Eastern Kentucky,1360,776,1918,.405,183,590,.310,442,615,.719,314,1198,393,252,120,626,657
Eastern Michigan,1170,710,1684,.422,193,569,.339,345,484,.713,327,1082,405,252,74,457,459
Eastern Washington NCAA,1405,715,1931,.370,163,572,.285,372,494,.753,349,1257,356,237,100,597,485
Elon,1280,700,1787,.392,176,602,.292,387,531,.729,383,1240,401,243,105,534,462
Evansville,1300,961,2049,.469,186,614,.303,487,664,.733,357,1319,511,335,144,473,641
Fairfield NCAA,1330,634,1755,.361,162,576,.281,390,569,.685,328,1042,339,255,70,629,555
FDU,1245,693,1756,.395,151,498,.303,354,458,.773,338,1072,372,224,79,413,493
Florida,1285,798,1948,.410,184,557,.330,502,700,.717,428,1271,383,217,110,570,569
Florida A&M,1220,723,1745,.414,163,518,.315,492,695,.708,429,1167,399,266,105,555,558
Florida Atlantic,1205,745,1865,.399,188,575,.327,291,411,.708,417,1155,419,239,108,413,512
Florida Gulf Coast NCAA,1360,696,1730,.402,146,484,.302,333,495,.673,279,1031,280,185,93,630,643
Florida International,1320,764,1909,.400,176,597,.295,413,639,.646,380,1176,360,281,114,610,627
Florida State NCAA,1380,944,2393,.394,219,711,.308,323,457,.707,482,1505,492,182,118,501,593
Fordham,1165,654,1615,.405,215,616,.349,280,382,.733,306,1016,397,219,69,516,407
Fresno State,1320,765,1748,.438,188,529,.355,361,509,.709,291,1124,374,205,118,552,480
Furman,1240,760,1867,.407,173,604,.286,293,445,.658,336,1053,385,252,125,451,534
Gardner-Webb,1198,818,1861,.440,187,600,.312,478,676,.707,394,1225,435,245,83,434,457
George Mason,1250,660,1732,.381,177,614,.288,323,476,.679,344,1138,344,185,89,582,557
George Washington,1240,642,1654,.388,156,506,.308,364,526,.692,294,1051,314,277,111,480,466
Georgetown,1405,700,1871,.374,181,606,.299,348,480,.725,346,1129,402,283,101,513,541
Georgia,1205,725,1853,.391,215,665,.323,341,502,.679,384,1134,458,233,77,446,466
Georgia Southern,1320,825,2155,.383,202,642,.315,471,702,.671,487,1396,416,298,101,655,619
Georgia State,1205,726,1838,.395,204,626,.326,400,586,.683,418,1220,413,235,95,527,520
Georgia Tech,1330,850,2027,.419,191,613,.312,319,466,.685,346,1226,452,224,118,462,500
Gonzaga NCAA,1449,821,2057,.399,200,706,.283,329,444,.741,348,1064,444,233,81,556,584
Grambling,1335,743,1988,.374,190,651,.292,440,671,.656,419,1259,430,290,100,731,651
Grand Canyon,1300,637,1668,.382,181,608,.298,343,497,.690,284,1010,338,217,75,590,513
Green Bay NCAA,1360,718,1859,.386,238,764,.312,303,413,.734,306,1041,436,196,62,511,560
Hampton,1160,669,1655,.404,188,608,.309,452,620,.729,382,1255,414,239,95,556,521
Harvard,1120,644,1586,.406,139,478,.291,349,488,.715,308,966,364,179,69,426,442
Hawaii,1246,633,1752,.361,174,636,.274,306,427,.717,353,1117,322,240,85,421,513
High Point,1295,730,1882,.388,168,538,.312,417,568,.734,400,1282,365,214,98,513,559
Hofstra,1285,671,1750,.383,170,555,.306,373,527,.708,367,1128,373,280,121,536,548
Holy Cross NCAA,1365,700,1924,.364,161,607,.265,372,520,.715,323,1168,369,210,90,415,523
Houston,1210,744,1700,.438,157,504,.312,414,547,.757,364,1228,424,219,92,634,478
Houston Christian,1160,699,1751,.399,149,484,.308,339,493,.688,374,1155,381,244,86,408,370
Howard,1250,597,1721,.347,179,638,.281,415,598,.694,382,1231,341,232,118,576,566
Idaho,1245,657,1707,.385,150,498,.301,309,410,.754,274,1062,252,204,134,427,474
Idaho State,1205,614,1600,.384,213,670,.318,409,579,.706,298,1043,376,248,77,457,476
Illinois,1365,852,2058,.414,227,721,.315,363,474,.766,342,1135,492,203,87,485,548
Illinois State,1370,856,2128,.402,245,775,.316,375,518,.724,341,1185,484,238,94,440,699
Illinois-Chicago,1375,828,2010,.412,205,600,.342,391,528,.741,359,1164,480,266,119,602,719
Incarnate Word,1225,621,1637,.379,148,506,.292,332,475,.699,308,1028,322,193,91,465,523
Indiana NCAA,1280,774,1920,.403,177,564,.314,335,461,.727,296,1020,374,173,96,441,565
Indiana State,1285,795,1876,.424,210,676,.311,495,692,.715,380,1183,432,284,92,514,549
Iona,1205,736,1769,.416,170,562,.302,255,366,.697,344,1073,440,248,86,411,428
Iowa NCAA,1570,1041,2603,.400,307,999,.307,414,571,.725,437,1368,570,292,120,561,753
Iowa State NCAA,1335,833,2139,.389,277,863,.321,338,451,.749,305,1064,486,299,98,354,579
IU Indy,1209,827,1938,.427,165,535,.308,434,575,.755,391,1158,435,261,115,441,596
Jackson State NCAA,1320,657,1924,.341,145,548,.265,439,620,.708,404,1144,349,258,90,550,669
Jacksonville,1240,772,1831,.422,183,635,.288,462,677,.682,405,1112,404,323,95,576,652
Jacksonville State,1170,681,1641,.415,138,461,.299,331,468,.707,271,1093,343,221,85,458,461
James Madison,1409,831,2303,.361,227,803,.283,438,601,.729,400,1265,418,282,105,428,621
Kansas NCAA,1325,773,1948,.397,205,630,.325,370,507,.730,386,1200,436,180,124,480,593
Kansas City,1280,699,1761,.397,164,529,.310,549,763,.720,350,1132,378,259,61,526,576
Kansas State NCAA,1375,716,1977,.362,159,598,.266,379,527,.719,327,1172,381,264,83,553,548
Kennesaw State,1210,691,1645,.420,174,549,.317,370,533,.694,304,1007,395,229,92,504,486
Kent State NCAA,1290,726,1860,.390,202,665,.304,354,483,.733,301,1097,361,227,85,487,544
Kentucky,1285,907,1961,.463,179,580,.309,385,512,.752,367,1230,549,246,150,510,592
La Salle,1205,791,1853,.427,181,618,.293,361,493,.732,427,1290,485,217,86,470,420
Lafayette,1209,701,1717,.408,184,572,.322,323,442,.731,327,1067,439,241,79,393,370
Lamar,1240,635,1608,.395,143,494,.289,373,510,.731,273,987,341,215,73,536,543
Le Moyne,1325,744,1891,.393,225,731,.308,306,449,.682,435,1271,473,240,99,545,516
Lehigh,1210,739,1839,.402,149,460,.324,336,450,.747,308,1074,357,226,56,414,512
Liberty,1370,796,2068,.385,226,697,.324,449,616,.729,411,1170,427,275,67,383,496
Lindenwood,1130,723,1529,.473,147,414,.355,426,587,.726,323,1074,382,177,68,511,497
Lipscomb,1215,732,1894,.386,200,663,.302,319,450,.709,353,1185,353,200,106,434,500
Little Rock,1210,627,1504,.417,161,495,.325,405,579,.699,289,1059,306,170,78,515,469
Long Beach State,1333,831,2104,.395,206,722,.285,425,592,.718,463,1307,435,348,114,627,618
Long Island University,1205,758,1801,.421,203,616,.330,316,454,.696,367,1101,491,267,85,454,448
Longwood,1200,762,1850,.412,225,695,.324,311,441,.705,400,1216,451,233,89,556,491
Louisiana,1255,642,1645,.390,158,573,.276,387,557,.695,358,1194,341,203,78,543,542
Louisiana State NCAA,1480,854,2316,.369,243,820,.296,392,584,.671,440,1241,411,287,139,725,827
Louisiana Tech,1335,755,1852,.408,184,611,.301,372,529,.703,350,1164,389,262,102,508,550
Louisiana-Monroe,1400,844,2204,.383,206,733,.281,482,693,.696,472,1457,420,211,84,582,633
Louisville NCAA,1360,784,1884,.416,188,620,.303,397,563,.705,333,1063,395,242,115,617,645
Loyola (IL),1245,725,1698,.427,195,561,.348,317,451,.703,333,1068,465,229,114,546,547
Loyola (MD),1245,688,1625,.423,181,524,.345,343,491,.699,268,979,405,189,87,440,447
Loyola Marymount,1205,725,1665,.435,183,608,.301,327,457,.716,307,997,449,226,105,449,446
Maine NCAA,1360,738,1791,.412,157,520,.302,305,458,.666,277,1082,416,208,109,484,451
Manhattan,1205,637,1658,.384,180,542,.332,248,347,.715,319,992,389,226,54,455,523
Marist,1265,744,1960,.380,212,731,.290,280,382,.733,375,1234,409,323,88,418,484
Marquette NCAA,1280,718,1796,.400,167,517,.323,301,433,.695,263,1005,360,220,97,515,495
Marshall NCAA,1325,880,1957,.450,156,507,.308,453,682,.664,417,1320,437,273,109,799,685
Maryland NCAA,1325,890,2128,.418,240,776,.309,398,523,.761,395,1205,547,234,109,549,638
Maryland-Baltimore County,1185,697,1652,.422,130,443,.293,302,448,.674,329,1046,355,237,104,465,479
Maryland-Eastern Shore,1200,623,1620,.385,164,535,.307,370,555,.667,320,1036,324,238,85,555,488
Massachusetts,1280,797,1788,.446,225,653,.345,458,601,.762,376,1193,515,280,77,552,470
Massachusetts-Lowell,1165,704,1650,.427,127,423,.300,309,410,.754,308,1087,399,232,109,421,407
McNeese State,1245,906,2028,.447,206,565,.365,412,600,.687,402,1286,523,295,94,496,598
Memphis,1225,739,1685,.439,116,387,.300,485,670,.724,321,1164,385,211,145,604,550
Mercer,1295,742,1777,.418,132,458,.288,443,616,.719,336,1138,346,235,84,494,484
Merrimack,1245,674,1755,.384,198,634,.312,393,562,.699,359,1113,370,266,127,509,567
Miami (FL),1250,678,1814,.374,199,654,.304,316,425,.744,392,1086,420,224,93,523,432
Miami (OH),1180,642,1617,.397,225,680,.331,340,492,.691,362,1080,396,275,103,482,407
Michigan NCAA,1370,787,1830,.430,216,659,.328,395,540,.731,277,1062,433,216,98,563,604
Michigan State NCAA,1240,775,1795,.432,192,569,.337,336,462,.727,288,1071,451,168,103,563,558
Middle Tennessee NCAA,1405,709,2007,.353,204,696,.293,321,461,.696,389,1206,370,190,91,497,602
Milwaukee,1285,712,1815,.392,177,618,.286,404,543,.744,346,1044,412,286,97,467,514
Minnesota,1450,890,2113,.421,272,798,.341,329,448,.734,340,1284,566,262,106,568,577
Mississippi NCAA,1330,709,1867,.380,145,460,.315,397,548,.724,351,1090,397,218,115,558,612
Mississippi State,1410,874,2193,.399,227,729,.311,327,472,.693,392,1198,481,239,122,501,574
Mississippi Valley State,1240,825,1924,.429,201,659,.305,540,796,.678,501,1474,482,289,176,570,510
Missouri,1205,798,1895,.421,208,659,.316,326,448,.728,342,1099,424,247,100,410,460
Missouri State,1320,722,1673,.432,173,517,.335,483,661,.731,251,1001,368,235,84,586,579
Monmouth,1295,721,1946,.371,132,512,.258,292,445,.656,346,1064,339,247,86,406,489
Montana,1320,788,1942,.406,207,618,.335,324,424,.764,294,1098,391,231,107,395,462
Montana State,1325,685,1764,.388,207,660,.314,338,480,.704,356,1184,368,274,112,588,536
Morehead State,1230,706,1791,.394,166,544,.305,390,531,.734,353,1115,354,202,90,512,541
Morgan State,1205,662,1604,.413,160,436,.367,398,571,.697,352,1145,381,262,89,583,410
Mount St. Mary's,1245,661,1730,.382,183,628,.291,310,430,.721,358,1190,384,225,74,514,441
Murray State,1286,903,2060,.438,207,611,.339,394,542,.727,328,1150,467,239,110,535,598
Navy,1245,705,1734,.407,179,544,.329,387,538,.719,298,1184,418,234,85,532,463
NC State NCAA,1535,891,2456,.363,235,808,.291,289,388,.745,399,1417,433,238,136,501,685
Nebraska NCAA,1405,832,2053,.405,229,762,.301,353,486,.726,303,1159,477,217,115,501,616
Nevada,1295,750,1773,.423,197,576,.342,383,533,.719,325,1207,373,214,139,587,499
Nevada-Las Vegas NCAA,1325,751,1969,.381,189,652,.290,258,358,.721,257,1056,380,150,93,444,498
New Hampshire,1160,595,1450,.410,200,617,.324,314,424,.741,274,961,364,222,91,531,427
New Mexico,1285,749,1956,.383,215,713,.302,232,334,.695,298,1186,426,206,118,451,497
New Mexico State,1260,672,1641,.410,158,546,.289,404,586,.689,297,989,339,229,110,535,541
New Orleans,1216,733,1849,.396,193,639,.302,391,518,.755,387,1283,415,271,129,554,550
Niagara,1415,863,1905,.453,184,580,.317,545,755,.722,398,1381,562,351,128,961,637
Nicholls State,1285,699,1752,.399,175,611,.286,448,617,.726,323,1217,392,255,70,568,487
NJIT,1210,704,1780,.396,141,474,.297,325,495,.657,396,1109,381,261,112,434,493
Norfolk State NCAA,1325,596,1650,.361,187,641,.292,372,540,.689,331,1149,371,187,87,697,483
North Alabama,1210,805,1879,.428,162,524,.309,403,554,.727,372,1174,402,267,97,475,490
North Carolina NCAA,1330,730,1922,.380,222,681,.326,380,523,.727,350,1205,411,198,98,523,636
North Carolina A&T,1375,683,1959,.349,200,702,.285,365,543,.672,407,1236,435,272,89,598,647
North Carolina Central,1255,742,1993,.372,154,572,.269,404,600,.673,458,1327,394,291,112,647,546
North Dakota,1199,807,1912,.422,240,722,.332,443,630,.703,370,1201,420,280,81,464,531
North Dakota State,1360,834,1944,.429,172,531,.324,488,671,.727,346,1078,392,255,111,532,659
North Florida,1230,760,1799,.422,162,544,.298,363,531,.684,356,1125,376,225,100,438,453
North Texas,1315,770,2023,.381,196,727,.270,318,498,.639,399,1134,391,304,101,547,681
Northeastern,1085,646,1593,.406,181,604,.300,271,370,.732,362,993,363,230,69,389,375
Northern Arizona,1415,880,2124,.414,215,673,.319,477,651,.733,351,1298,453,231,103,530,566
Northern Colorado,1249,716,1785,.401,173,580,.298,331,448,.739,327,1001,385,240,96,442,553
Northern Illinois,1245,763,1962,.389,203,685,.296,305,447,.682,333,1169,406,265,97,389,480
Northern Iowa,1285,816,1947,.419,252,725,.348,371,513,.723,344,1185,492,194,128,457,523
Northern Kentucky,1245,833,1902,.438,206,629,.328,404,565,.715,352,1166,430,263,100,421,566
Northwestern,1205,866,1928,.449,241,673,.358,436,569,.766,395,1163,568,267,91,377,438
Northwestern State,1200,648,1735,.373,150,528,.284,403,544,.741,328,1119,296,257,97,433,537
Notre Dame NCAA,1410,813,2124,.383,181,649,.279,331,479,.691,401,1248,418,253,143,672,599
Oakland,1190,754,1636,.461,183,523,.350,423,596,.710,309,1094,436,191,80,582,566
Ohio,1200,751,1768,.425,222,725,.306,420,574,.732,410,1268,453,271,75,639,543
Ohio State NCAA,1291,737,1779,.414,175,579,.302,398,536,.743,329,1150,391,190,80,674,573
Oklahoma NCAA,1322,829,2120,.391,200,672,.298,422,597,.707,379,1235,402,249,112,531,571
Oklahoma State,1200,738,1800,.410,199,656,.303,318,437,.728,314,1090,399,203,81,436,491
Old Dominion,1280,652,1706,.382,151,556,.272,473,676,.700,341,1208,337,283,142,666,596
Omaha,1251,926,1940,.477,240,692,.347,424,591,.717,366,1227,508,226,96,518,675
Oral Roberts,1285,903,2026,.446,216,671,.322,391,551,.710,377,1314,481,198,126,645,600
Oregon,1281,850,2129,.399,253,775,.326,201,295,.681,415,1254,572,244,107,330,481
Oregon State NCAA,1420,803,2267,.354,176,645,.273,308,410,.751,369,1152,366,253,94,315,539
Pacific,1360,851,2097,.406,241,702,.343,432,605,.714,374,1153,538,287,90,566,621
Penn State,1410,898,2157,.416,226,714,.317,490,660,.742,383,1192,524,283,110,630,604
Pennsylvania,1125,676,1661,.407,147,500,.294,277,381,.727,317,986,387,200,85,403,440
Pepperdine,1200,769,1800,.427,195,578,.337,371,517,.718,376,1080,438,322,65,409,440
Pittsburgh,1290,790,1923,.411,260,744,.349,371,497,.746,359,1141,506,302,115,452,511
Portland NCAA,1370,779,1969,.396,161,533,.302,403,567,.711,432,1254,449,295,100,669,635
Portland State,1240,795,1765,.450,170,506,.336,336,464,.724,383,1143,520,249,70,415,415
Prairie View,1125,637,1511,.422,122,400,.305,505,747,.676,328,989,357,282,102,562,489
Presbyterian NCAA,1440,804,2054,.391,206,702,.293,307,447,.687,357,1214,416,348,101,526,538
Princeton NCAA,1210,608,1523,.399,170,449,.379,300,433,.693,265,887,319,178,69,527,465
Providence,1365,781,2041,.383,216,763,.283,314,438,.717,398,1137,426,321,121,460,551
Purdue,1365,860,2036,.422,219,650,.337,382,495,.772,351,1204,495,235,123,520,542
Purdue Fort Wayne,1445,831,2044,.407,202,716,.282,418,565,.740,344,1304,464,262,130,632,595
Queens (NC),1165,675,1628,.415,183,602,.304,510,719,.709,352,1164,372,212,86,536,509
Quinnipiac,1265,727,1835,.396,194,644,.301,355,498,.713,351,1125,440,265,67,436,519
Radford,1330,737,1849,.399,186,622,.299,367,506,.725,361,1192,383,284,106,557,522
Rhode Island,1400,738,1883,.392,187,586,.319,321,438,.733,327,1131,400,221,95,571,551
Rice NCAA,1370,773,1933,.400,158,515,.307,439,627,.700,376,1247,409,246,124,575,588
Richmond NCAA,1412,785,2137,.367,241,798,.302,324,449,.722,441,1218,405,227,74,501,547
Rider,1250,743,1876,.396,193,669,.288,325,464,.700,409,1171,432,275,96,420,464
Robert Morris,1215,677,1612,.420,186,554,.336,451,633,.712,307,1127,384,211,76,488,415
Rutgers,1280,842,1962,.429,229,670,.342,422,601,.702,400,1136,545,260,107,449,568
Sacramento State,1240,731,1783,.410,234,694,.337,377,511,.738,391,1160,416,278,68,463,495
Sacred Heart NCAA,1370,713,1811,.394,153,546,.280,339,487,.696,359,1205,381,183,131,627,585
Saint Francis (PA),1200,760,1769,.430,177,540,.328,399,522,.764,369,1159,381,201,102,383,395
Saint Joseph's,1365,727,1904,.382,170,583,.292,228,341,.669,349,1082,321,215,100,478,563
Saint Louis,1600,1015,2330,.436,263,808,.325,508,726,.700,464,1396,570,325,103,718,704
Saint Mary's (CA),1255,717,1725,.416,237,713,.332,353,475,.743,382,1088,469,255,81,488,439
Saint Peter's,1210,686,1663,.413,203,615,.330,298,444,.671,328,1026,445,323,95,518,493
Sam Houston,1180,789,1757,.449,163,490,.333,357,514,.695,361,1184,457,221,109,568,613
Samford,1200,682,1737,.393,159,535,.297,301,420,.717,328,1124,356,196,96,421,505
San Diego,1240,764,1809,.422,172,507,.339,373,525,.710,368,1061,458,263,107,475,528
San Diego State,1420,830,2045,.406,254,749,.339,338,484,.698,329,1256,482,241,105,553,575
San Francisco,1205,748,1812,.413,182,621,.293,336,435,.772,275,1029,410,221,124,442,516
San Jose State,1240,700,1697,.412,253,686,.369,399,506,.789,311,996,421,296,99,497,440
Santa Clara,1360,758,1891,.401,181,601,.301,314,465,.675,337,1105,443,253,92,509,531
Seattle,1174,778,1776,.438,213,688,.310,411,574,.716,375,1127,511,286,121,443,471
Seton Hall,1295,693,1705,.406,212,656,.323,312,450,.693,308,1098,421,199,127,546,526
Siena,1205,694,1760,.394,188,592,.318,342,499,.685,397,1136,398,248,75,618,492
South Alabama,1280,831,2013,.413,176,609,.289,450,639,.704,445,1272,370,318,103,471,569
South Carolina NCAA,1520,787,2433,.323,213,781,.273,362,527,.687,472,1284,390,246,120,594,624
South Carolina State,1200,751,1846,.407,220,668,.329,351,500,.702,462,1165,449,321,95,443,502
South Carolina Upstate,1285,715,1825,.392,204,663,.308,331,495,.669,366,1117,347,280,122,552,556
South Dakota,1454,875,2203,.397,227,811,.280,349,495,.705,361,1186,466,257,127,475,619
South Dakota State NCAA,1330,733,1966,.373,184,690,.267,335,478,.701,323,1025,384,247,115,427,605
South Florida,1330,730,1904,.383,185,564,.328,343,518,.662,369,1187,349,195,76,442,579
Southeast Missouri State,1161,670,1580,.424,180,544,.331,414,606,.683,300,1043,397,221,83,534,499
Southeastern Louisiana,1270,608,1718,.354,166,613,.271,417,571,.730,317,1181,329,214,99,514,529
Southern,1210,645,1563,.413,143,497,.288,441,621,.710,293,1086,403,212,88,614,555
Southern California NCAA,1420,795,2049,.388,190,617,.308,407,551,.739,364,1236,474,222,97,546,647
Southern Illinois,1260,760,1724,.441,142,487,.292,461,622,.741,337,1163,421,217,123,613,551
SIU Edwardsville,1240,856,1961,.437,209,633,.330,467,678,.689,420,1232,530,265,103,434,558
Southern Indiana,1285,689,1915,.360,210,736,.285,409,563,.726,375,1129,352,274,92,493,564
Southern Methodist,1220,734,1814,.405,187,602,.311,395,531,.744,356,1116,468,224,109,479,557
Southern Mississippi,1370,777,2040,.381,217,749,.290,388,555,.699,417,1235,445,247,87,557,564
Southern Utah,1215,822,1899,.433,198,602,.329,366,491,.745,350,1115,454,275,95,342,492
St. Bonaventure,1200,753,1721,.438,210,602,.349,279,401,.696,317,1097,390,222,124,463,507
St. John's (NY),1335,766,1795,.427,149,491,.303,239,319,.749,329,1074,425,174,117,508,527
St. Thomas,1240,800,1808,.442,221,616,.359,385,512,.752,310,1035,447,239,116,505,525
Stanford NCAA,1455,815,2282,.357,223,735,.303,307,412,.745,386,1155,384,212,91,409,564
Stephen F. Austin,1380,854,2120,.403,205,663,.309,421,598,.704,409,1301,461,269,107,593,592
Stetson,1285,640,1709,.374,199,659,.302,403,578,.697,324,1135,338,220,105,535,595
Stonehill,1200,807,1853,.436,160,526,.304,295,438,.674,397,1190,405,323,100,417,481
Stony Brook,1330,721,2058,.350,166,659,.252,293,436,.672,387,1181,377,230,86,555,575
Syracuse NCAA,1285,796,1963,.406,174,594,.293,336,457,.735,410,1179,482,244,92,530,558
Tarleton State,1240,707,1802,.392,207,678,.305,407,561,.725,326,1144,407,208,94,434,504
TCU,1320,738,1998,.369,182,654,.278,352,488,.721,376,1127,431,240,68,397,503
Temple,1307,703,1791,.393,148,518,.286,459,628,.731,373,1213,404,189,118,608,523
Tennessee NCAA,1325,898,2282,.394,206,634,.325,299,424,.705,419,1219,444,261,114,385,610
Tennessee State,1230,707,1679,.421,183,570,.321,447,596,.750,369,1164,410,258,93,652,558
Tennessee Tech,1249,745,1667,.447,172,478,.360,412,575,.717,292,1030,412,237,78,571,566
Tennessee-Martin NCAA,1325,768,1908,.403,239,741,.323,310,422,.735,373,1112,499,269,139,483,514
Texas NCAA,1520,792,2063,.384,205,657,.312,402,578,.696,371,1127,432,252,92,743,768
Texas A&M NCAA,1280,668,1799,.371,153,521,.294,390,539,.724,305,1110,388,195,101,510,529
Texas A&M-Commerce,1245,835,2100,.398,173,593,.292,405,581,.697,434,1443,420,212,115,449,493
Texas A&M-Corpus Christi NCAA,1291,671,1881,.357,163,638,.255,349,499,.699,385,1200,388,260,90,586,632
Texas Southern,1120,737,1807,.408,137,470,.291,415,570,.728,412,1173,373,302,108,449,469
Texas State,1285,732,1752,.418,146,535,.273,421,593,.710,374,1110,362,283,115,598,614
Texas Tech,1319,766,1811,.423,182,599,.304,360,516,.698,356,1121,396,261,118,599,623
Texas-Rio Grande Valley,1165,756,1765,.428,208,606,.343,338,458,.738,331,1217,440,227,87,422,585
Toledo,1365,748,1901,.393,201,630,.319,346,487,.710,311,1152,389,209,64,551,633
Towson,1260,747,1858,.402,162,528,.307,372,527,.706,342,1224,356,192,94,483,493
Troy,1370,937,2321,.404,241,785,.307,436,615,.709,407,1362,471,246,91,554,543
Tulane,1305,776,1911,.406,232,678,.342,314,429,.732,372,1102,456,268,88,442,513
Tulsa,1405,859,2263,.380,189,660,.286,435,589,.739,455,1403,371,250,80,498,648
UAB,1290,884,2058,.430,157,527,.298,309,465,.665,419,1251,400,226,91,446,520
UC Davis,1365,728,1961,.371,211,615,.343,372,519,.717,357,1228,375,295,65,498,487
UC Irvine NCAA,1290,641,1642,.390,183,583,.314,316,448,.705,293,1045,367,202,73,604,572
UC Riverside,1289,692,1679,.412,177,595,.297,304,432,.704,336,1226,427,219,126,641,474
UC San Diego,1260,637,1716,.371,193,664,.291,333,448,.743,310,1092,354,288,95,482,565
UC Santa Barbara,1250,734,1848,.397,164,555,.295,311,423,.735,324,1060,363,221,92,401,487
UCF,1165,678,1647,.412,155,514,.302,362,514,.704,290,943,337,242,99,464,529
UCLA NCAA,1376,712,1934,.368,200,617,.324,455,599,.760,279,1008,368,249,105,504,577
UNC Asheville,1255,680,1766,.385,160,548,.292,356,551,.646,349,1137,307,221,76,499,532
UNC Greensboro,1320,671,1783,.376,128,455,.281,383,531,.721,348,1116,319,171,70,475,514
UNC Wilmington,1205,863,1965,.439,196,615,.319,261,371,.704,440,1303,503,294,133,492,484
UT Arlington,1320,831,2054,.405,239,712,.336,463,651,.711,437,1315,531,242,97,514,569
Utah NCAA,1370,807,1950,.414,199,590,.337,294,416,.707,278,1047,453,247,129,526,540
Utah State,1200,816,1886,.433,245,737,.332,342,491,.697,401,1198,525,273,109,391,500
Utah Tech,1280,821,2174,.378,264,889,.297,281,412,.682,416,1293,500,216,87,379,420
Utah Valley,1180,642,1597,.402,200,655,.305,415,555,.748,343,1139,443,247,127,576,484
UTEP,1250,782,1817,.430,262,757,.346,390,537,.726,329,1093,481,210,90,477,584
UTSA,1345,718,1979,.363,207,700,.296,451,667,.676,410,1198,410,252,123,452,541
Valparaiso,1205,745,1627,.458,162,482,.336,531,701,.757,313,1127,412,242,69,511,506
Vanderbilt NCAA,1320,761,1883,.404,196,670,.293,339,480,.706,370,1176,403,235,95,585,561
Vermont,1480,741,1938,.382,135,495,.273,338,476,.710,353,1162,320,230,93,473,477
Villanova,1410,778,1967,.396,176,538,.327,355,473,.751,407,1280,426,184,118,524,522
Virginia,1285,784,1951,.402,209,690,.303,435,600,.725,356,1213,472,224,117,497,532
Virginia Commonwealth,1280,628,1740,.361,150,617,.243,295,410,.720,300,964,310,211,82,465,541
Virginia Tech NCAA,1325,746,1988,.375,163,577,.282,382,517,.739,334,1091,302,209,81,384,543
Wagner,1132,664,1582,.420,191,584,.327,358,523,.685,368,1077,418,268,73,536,479
Wake Forest,1280,782,1781,.439,194,567,.342,404,544,.743,342,1163,408,227,103,487,482
Washington,1270,694,1768,.393,157,537,.292,285,410,.695,315,1048,342,179,90,441,446
Washington State,1450,854,2166,.394,199,599,.332,317,427,.742,399,1256,427,213,71,479,507
Weber State,1320,798,1874,.426,245,700,.350,358,468,.765,311,1153,457,265,123,443,495
West Virginia NCAA,1325,680,1708,.398,157,533,.295,391,551,.710,340,1132,361,227,95,779,612
Western Carolina,1200,716,1791,.400,188,588,.320,372,539,.690,412,1124,323,254,81,402,441
Western Illinois,1220,712,1836,.388,191,657,.291,380,556,.683,315,1076,370,262,69,469,637
Western Kentucky,1285,700,1755,.399,215,712,.302,417,582,.716,403,1263,425,238,90,631,526
Western Michigan,1205,716,1638,.437,165,544,.303,374,520,.719,338,1102,395,235,97,540,490
Wichita State,1290,838,1964,.427,196,683,.287,364,561,.649,397,1287,489,247,114,524,587
William & Mary,1165,648,1697,.382,147,512,.287,371,516,.719,356,1144,311,240,82,534,490
Winthrop,1220,657,1634,.402,175,594,.295,318,458,.694,313,1033,342,239,66,560,501
Wisconsin,1279,780,1936,.403,227,663,.342,385,534,.721,387,1152,459,295,83,470,535
Wofford,1200,684,1813,.377,188,739,.254,278,422,.659,340,1186,365,158,82,447,480
Wright State,1340,865,1984,.436,188,566,.332,418,603,.693,367,1267,440,259,93,496,532
Wyoming,1324,737,1827,.403,177,567,.312,322,433,.744,270,1034,338,230,82,378,486
Xavier,1125,744,1649,.451,202,594,.340,344,449,.766,363,1093,510,271,126,423,401
Yale,1085,670,1495,.448,131,410,.320,375,505,.743,277,927,336,189,79,385,452
Youngstown State,1280,714,1832,.390,190,659,.288,387,524,.739,354,1138,405,261,95,471,494