School,W-L%,TmPts,OppPts,TmMP,TmFG,TmFGA,TmFG%,Tm3P,Tm3PA,Tm3P%,TmFT,TmFTA,TmFT%,TmORB,TmTRB,TmAST,TmSTL,TmBLK,TmTOV,TmPF
Abilene Christian,0.471,72.1,73.5,40.4,25.3,58.4,0.433,5.29,15.6,0.34,16.2,22.3,0.727,9.68,33.5,12.7,7.71,2.12,12.8,19.6
Air Force,0.29,66.2,72.4,40.3,23.5,51.7,0.453,8.81,24.4,0.361,10.5,15.3,0.682,7.26,28.1,14.5,6.52,3.94,12,17.5
Akron NCAA,0.686,73.6,66.2,40.1,26.1,57.7,0.453,8,24.7,0.324,13.3,18.3,0.727,10.4,36.5,13,5.63,2.86,11.3,16.7
Alabama NCAA,0.676,90.1,81.2,40.3,30.7,64.5,0.476,11.2,29.9,0.373,17.6,22.8,0.772,12.8,39.6,15.9,6.92,4.38,11.8,19.8
Alabama A&M,0.343,69,75.8,40.1,23,54.8,0.42,4.23,14.7,0.287,18.7,25.9,0.722,11.3,35.7,10.5,7.46,3.89,16.1,20.8
Alabama State,0.406,68.6,69.4,40.7,24.1,65.2,0.37,6.97,24.8,0.281,13.4,18.5,0.723,14.2,39.5,10.8,8.66,3.84,11.3,19
Albany (NY),0.406,78.7,78.8,40.2,28.7,64.3,0.446,7.81,23.7,0.33,13.5,18.6,0.726,11.4,36,12.8,8.31,3.16,13.3,19.4
Alcorn State,0.438,71.9,77.4,40.2,25.6,57.8,0.442,5.19,15.4,0.337,15.6,21.8,0.712,11.3,33.9,11.6,6.88,1.75,11.6,17.7
American,0.5,68.8,68,40.3,24.4,54.4,0.449,8.72,24.8,0.351,11.1,15.4,0.722,8.97,32.6,14,5.81,1.69,10.8,16.5
Appalachian State,0.794,78.4,67.1,40.9,29.3,61.8,0.475,6.59,19.8,0.332,13.1,19.3,0.68,11,41.6,14.6,6.15,6.76,10.7,13.2
Arizona NCAA,0.75,87.1,72.1,40.7,31.2,64.5,0.484,7.89,21.6,0.366,16.8,23.4,0.717,13.1,42.6,18.5,8.33,3.69,11.9,16.4
Arizona State,0.438,69,74,40.2,24.7,59.4,0.416,6.72,22.4,0.3,12.9,19.7,0.655,8.41,33.3,12,8.22,3.66,10.5,16.6
Arkansas,0.485,77.8,79.8,40.6,26,57.5,0.453,6.03,18.9,0.318,19.7,26,0.756,8.52,34.5,11.7,6,6.09,12,19.8
Arkansas State,0.541,78.8,77,40.1,27.6,62.5,0.441,9.22,26.8,0.344,14.4,20.6,0.702,13.2,38.4,14.5,5.59,4.41,11.2,17.4
Arkansas-Pine Bluff,0.419,80.1,81.8,40,26.2,58.7,0.446,10.9,29,0.375,16.8,22,0.762,8.42,34.6,15.1,5.9,2.16,13.3,18.3
Army,0.313,60.3,64.3,40.5,22.1,54.6,0.405,7.88,24.6,0.32,8.25,14,0.588,9.63,34,12.5,5.75,3.94,12.2,15.8
Auburn NCAA,0.771,83.1,68.3,40,28.9,60.6,0.476,8,22.7,0.352,17.4,23.2,0.75,11.2,37.8,17.8,7.37,6.14,10.7,19.4
Austin Peay,0.543,74.8,73.2,40.7,26.9,60.1,0.447,7.91,21.9,0.361,13.1,18.6,0.706,10.8,33.9,11.1,7.14,2.71,8.8,17.6
Ball State,0.484,73.5,71,40.5,24.8,55.7,0.446,7.48,20.7,0.362,16.5,21.5,0.767,9.48,34.9,12.4,5.48,3.1,12.1,15.1
Baylor NCAA,0.686,80.4,71.1,40.9,27.6,57.2,0.483,8.6,22.1,0.389,16.5,22.6,0.732,11.4,35.1,14.7,6.74,3.14,12,16.5
Bellarmine,0.258,69.5,74.8,40.3,25.7,59.3,0.434,7.68,22.5,0.341,10.4,13.3,0.779,7.9,32.3,13.5,5.29,1.94,9.58,15.7
Belmont,0.606,77.9,75.5,40.2,27.9,58.8,0.476,9.12,24.6,0.371,12.9,17.8,0.723,7.18,34.2,15.3,7.52,3.06,12.2,15.5
Bethune-Cookman,0.5,72.9,72.6,40.4,25.3,58.6,0.431,5.85,18.2,0.321,16.5,21.8,0.755,10.5,33.5,12.2,10.3,3.44,13.9,20.5
Binghamton,0.5,72.1,72.2,40.3,26.7,57.9,0.461,5.47,17.9,0.306,13.2,19.8,0.667,10.4,38.5,14.5,5,3.77,12.2,16.6
Boise State NCAA,0.667,75.1,67.3,40.3,26,58,0.449,7.82,23,0.34,15.3,20.8,0.736,11.6,37.3,12.2,5.73,2.36,11.1,16.7
Boston College,0.556,74.1,71.9,40.3,27.3,59.9,0.456,8.31,22.9,0.362,11.2,15,0.75,9.39,35.3,14.1,5.89,3.44,10.4,15.7
Boston University,0.485,66.5,66.6,40.5,23.3,56.2,0.414,7.7,23.1,0.333,12.2,17,0.717,9.36,35.4,12.9,6.55,3.09,11.6,17.3
Bowling Green State,0.588,73.6,71,40.7,25.9,60.1,0.431,6.35,21.5,0.296,15.4,21.5,0.715,11.4,38,11.3,6.5,2.82,11.5,15.7
Bradley,0.657,74.1,67.1,40.4,26.9,57.1,0.472,8.74,23.9,0.366,11.4,15.7,0.727,9.26,34.7,13.2,7.14,4.11,12.1,16.5
Brigham Young NCAA,0.676,81.4,69.9,40,29.2,63.4,0.46,11.1,32,0.348,11.9,16.1,0.742,11.9,39.5,18.5,5.94,2.97,10.7,17.7
Brown,0.419,71.4,71.8,40.7,25.2,58.6,0.43,8.19,24,0.341,12.7,19.5,0.653,11.8,37.2,13.5,6.32,4.23,12.4,16.7
Bryant,0.606,78.7,75.4,40.3,28.9,63.2,0.457,8.27,24.4,0.339,12.6,18.9,0.669,7.85,37.8,14.8,6.97,6.45,11.9,16.9
Bucknell,0.424,65.2,67.2,40.5,23,53.6,0.428,8.15,24.1,0.338,11.2,15.6,0.716,8.36,32.5,12.1,6.12,3.42,12.3,16.9
Buffalo,0.129,68,79.7,40.2,24.8,59,0.421,6.68,24.1,0.277,11.6,16.3,0.716,10.4,34.9,13.4,6.06,4.55,14.5,15.6
Butler,0.545,77.1,73.7,40.9,27.9,61.7,0.453,8.36,23.6,0.355,12.8,16.2,0.791,9.33,35.2,15.1,6.18,3.33,10.9,13.8
Cal Poly,0.125,63.7,74.1,40.5,22.5,55.6,0.404,6.19,18.7,0.331,12.5,17.8,0.705,8.84,31.3,9.81,5.41,3.66,12.7,19.2
Cal State Bakersfield,0.406,68.7,69.2,40.5,25.2,58.2,0.434,4.69,14.9,0.315,13.6,18.8,0.723,11.9,34.7,10.5,6.88,3.56,12.2,20.4
Cal State Fullerton,0.438,67.9,69.1,40.2,23.1,53.7,0.431,6.47,19.6,0.33,15.2,21.4,0.708,8.41,32.8,8.88,6.69,3.06,12.3,17.8
Cal State Northridge,0.559,75,73.6,40.1,27.6,60.7,0.455,4.85,15.8,0.307,14.9,22.3,0.668,11.8,40.1,13.9,7.44,3.35,14.1,20.8
California,0.406,74,77,40.9,26,61.9,0.421,8.78,26,0.338,13.1,18.1,0.727,10.7,37.2,12.1,6.03,2.59,11.6,17.3
California Baptist,0.485,67.3,66.6,40.3,23.1,56.3,0.41,6.67,20.4,0.326,14.5,21.2,0.683,12,37.6,11.3,4.03,2.64,11.9,15.9
Campbell,0.438,71,72.1,40.5,25.2,54.4,0.463,7.25,21,0.345,13.4,18.4,0.725,7.69,32.5,13.3,6.31,2.41,12,15.2
Canisius,0.438,70.4,72.1,40.3,26.3,59.7,0.44,7.25,21.6,0.336,10.6,16.9,0.625,12,36.9,12.5,6,3.47,13.5,16.3
Central Arkansas,0.281,72.2,78.2,40.2,25.5,61.4,0.416,8,23.3,0.343,13.1,17.7,0.74,11.2,36.4,13.7,7.03,3.28,12.7,17.1
Central Connecticut State,0.645,72.2,66.5,40.3,26.1,58,0.451,6.71,20.8,0.322,13.2,18.6,0.709,9.61,35.8,14.3,7.48,4.84,11.3,13.6
Central Michigan,0.563,66.5,70.1,41.1,24.7,58.8,0.42,6.25,20.6,0.303,10.8,16.4,0.66,10.6,36.3,11.4,6,3.72,12,16.5
Charleston Southern,0.333,67.6,73.7,40,23.8,57.6,0.414,6.93,21,0.331,13,17.7,0.736,10,35.5,10.2,3.83,3,12.2,17.1
Charlotte,0.613,68.7,65.6,40.3,24.1,53.4,0.452,6.48,20.5,0.317,14,18.6,0.753,8.39,32.5,13.1,5.42,3.39,9.71,15.5
Chattanooga,0.636,78.2,71.6,40.5,27,58,0.466,10.6,29.4,0.359,13.6,18.2,0.745,9.24,36.5,13.5,6.3,3.67,11.9,15.9
Chicago State,0.406,69.5,70.6,40.2,24.1,56.8,0.425,6.28,20,0.314,15,21.1,0.712,12.2,33.6,11.1,8.66,3.22,13.2,17.5
Cincinnati,0.595,74.7,68.2,40.5,27.6,62.4,0.443,7.57,22.9,0.33,11.9,17.2,0.688,13.3,39.5,14.6,6.49,4.43,12,15
Clemson NCAA,0.667,77.4,71.2,40.3,27.5,58.8,0.469,8.22,23.4,0.351,14.1,18.1,0.78,9.06,36.3,14.8,4.58,3.83,10.1,16.3
Cleveland State,0.583,75.5,72.8,40.3,27.9,62.4,0.447,6.44,19.4,0.333,13.2,19.8,0.668,12.6,35.2,13.3,8.25,3.89,10.3,18.3
Coastal Carolina,0.29,73.5,78.5,40.3,26.9,60.6,0.444,6.48,20.2,0.321,13.2,19.9,0.664,11.4,40.3,12.7,5.74,3.13,13.5,16
Colgate NCAA,0.714,71.4,64.1,40,26.5,56.5,0.469,7.77,21.6,0.359,10.5,15.4,0.681,8.17,35.6,15,6.49,3.49,10.5,13.4
College of Charleston NCAA,0.771,80.9,73.6,40.1,28.7,65.1,0.442,10.5,30.6,0.343,12.9,17.9,0.722,13.1,39.8,15.3,6.26,3.09,9.94,15.9
Colorado NCAA,0.703,79.3,71.7,40.4,28.4,57.3,0.495,6.86,17.5,0.391,15.8,20.1,0.784,9.95,36.9,16.2,5.97,2.16,12.6,14.8
Colorado State NCAA,0.694,75.2,67.3,40.3,27.2,56.2,0.484,7.33,21.7,0.338,13.4,17.8,0.752,7.86,33.4,18,6.28,3.14,10.4,17
Columbia,0.481,77,72.4,40,27.7,59.1,0.469,8.56,22.8,0.375,12.9,17.7,0.732,9.81,35.7,17.4,7.74,2.3,12.2,16.2
Connecticut NCAA,0.925,81.4,63.4,40,29.4,59.2,0.497,8.5,23.8,0.358,14.1,18.9,0.743,11.7,38.8,18.7,6.15,5.42,9.57,16.3
Coppin State,0.069,57.9,72.8,40.3,20.2,54.2,0.372,5.28,18.6,0.283,12.2,16.9,0.726,9.76,30.1,8.28,7.66,2.79,15.7,17.7
Cornell,0.733,82.1,74.7,40,29.8,61.2,0.487,10.3,29.7,0.348,12.1,16.7,0.723,9.57,35.4,18.1,8.33,2.63,12.2,18.3
Creighton NCAA,0.714,80.4,69.9,41,29,60,0.484,10.7,29.1,0.368,11.7,14.8,0.788,8.4,38.1,16.8,3.83,4.09,10.6,11.5
Dartmouth,0.222,61.9,71.9,40,22,53.6,0.411,7.07,23.2,0.305,10.8,15.6,0.69,7.41,33.3,12.3,4.44,3.52,12.7,13.9
Davidson,0.469,70.1,67.9,40.6,24.5,56.8,0.431,7.34,23.4,0.314,13.8,18.8,0.733,9.22,34.7,12.6,6.47,3.5,10.6,16
Dayton NCAA,0.758,74.2,66.5,40.2,25.2,53.1,0.474,9.39,23.5,0.399,14.4,19.5,0.74,8.03,33.5,14.6,5.52,3.91,10.4,13.5
Delaware,0.576,73.2,69.7,40.2,27,58.1,0.465,6.88,20.5,0.335,12.3,17.5,0.707,9.21,35.7,13.8,5.39,3.03,10.8,15
Delaware State,0.441,70.6,71,40.7,25,57.7,0.434,4.65,14.5,0.32,15.9,22.5,0.706,11.3,34.4,12.1,8.38,1.94,14.8,16.9
Denver,0.5,81,80.5,40.7,27.8,61.9,0.45,8.65,24.9,0.348,16.7,22.9,0.73,10.2,35.7,13.1,6.21,3.88,10,16.9
DePaul,0.094,64.7,81.8,40,22.7,53.6,0.423,6.25,18.7,0.335,13.2,17.9,0.733,7.28,29.7,12.3,5.25,3.09,13.6,15.1
Detroit Mercy,0.031,66,80.3,40.3,23.8,56.4,0.421,5.84,20.8,0.281,12.6,17.1,0.735,8.94,29.5,10.8,6.94,2.44,13.3,17.3
Drake NCAA,0.8,79.9,70.4,41,28.3,59.4,0.477,8.57,23.4,0.366,14.7,19.5,0.753,7.94,34.3,16,6.46,1.6,9.63,16.3
Drexel,0.625,73.3,66.6,40.5,26.9,58.9,0.457,6.75,19.6,0.344,12.8,17.7,0.722,11.5,39.2,12.7,5.03,3.97,10.8,15.3
Duke NCAA,0.75,78.6,66.3,40,27.9,58.7,0.475,8.28,22,0.377,14.6,20.1,0.723,10.6,36.6,15.3,6.53,3.67,9.69,15.9
Duquesne NCAA,0.676,70.6,66.7,40,24.9,57,0.436,7.54,22.2,0.34,13.2,18.4,0.72,10.5,34.8,13.4,7.49,4.32,11.7,17.1
East Carolina,0.455,69.3,70.3,40.3,24.3,57.7,0.422,6.61,21.1,0.313,14,20.3,0.692,11.9,35,12.3,7.88,2.79,10.8,15.6
East Tennessee State,0.543,71.5,69.6,40.1,24.7,60.9,0.406,7.77,25,0.311,14.2,20.9,0.682,13.9,38.6,11.4,7.69,4.66,12.4,18.2
Eastern Illinois,0.438,68.9,67.9,40,25.7,61,0.421,5.59,17.5,0.32,11.9,16.3,0.731,10.9,35.3,12.9,8.06,2.97,10.3,17.7
Eastern Kentucky,0.548,80.8,76.5,40.2,29.6,64.3,0.46,7.84,21.9,0.358,13.8,20.3,0.68,13.2,40.1,14.6,6.32,6.13,11.5,16.2
Eastern Michigan,0.419,66,72.6,40.5,25.3,58.9,0.429,5.74,18.9,0.304,9.77,14.6,0.667,10.4,34.5,10.4,5.77,2.48,11.6,16.4
Eastern Washington,0.656,80.8,75.2,40.2,27.9,55.7,0.501,8.53,23.4,0.364,16.4,21.3,0.771,8.06,33.8,17.6,5.97,3.59,13.2,18.1
Elon,0.406,73.1,75.4,40,25.8,57.8,0.446,8.59,24.4,0.352,13,18.4,0.707,10.3,33.8,13.1,6.28,2.66,11.8,15.7
Evansville,0.486,70.9,73.2,40.3,26.1,58.4,0.448,6.77,20.1,0.336,11.8,16.5,0.718,7.71,33.7,12.9,6.49,3.09,11.6,15.3
Fairfield,0.649,75.5,71,40,26.8,60,0.446,9.24,25.5,0.363,12.7,16.8,0.758,9.95,33.5,13.4,8.49,2.22,10.6,14.4
FDU,0.469,75.9,77.6,40.3,26.3,62.9,0.419,8.38,25.4,0.33,14.9,21.3,0.7,11.4,37.2,15.1,8.22,2.53,12.8,17.8
Florida NCAA,0.667,85.6,79.2,40.7,29.9,65.3,0.458,7.78,22.6,0.345,17.9,25.1,0.715,14.6,42.3,15.2,6.69,5.25,11.7,18.4
Florida A&M,0.207,67.2,77.2,40.7,25.1,57.9,0.433,5.86,17.1,0.343,11.2,16,0.7,9.59,34.6,14.3,5.97,2.83,15.2,18.7
Florida Atlantic NCAA,0.735,82,73.4,40.9,29.2,61,0.478,8.35,23.8,0.351,15.3,21.3,0.72,11.6,38.1,14.9,7.18,3.09,11.4,16.1
Florida Gulf Coast,0.438,70.4,71.1,40.2,25.8,56.8,0.455,7.81,22,0.355,10.9,15.7,0.695,9.88,34.3,11.7,6.03,3.38,11.3,14.5
Florida International,0.333,73.6,76.5,40.2,26.7,61.2,0.437,8.61,25.5,0.338,11.5,17.2,0.67,10.4,31.6,14.1,10.2,4.09,13.7,18
Florida State,0.515,76.5,76.3,40.2,27.4,60.5,0.453,6.06,19.1,0.317,15.8,22.3,0.707,10.2,33.3,12.3,9.24,4.3,11.9,19.7
Fordham,0.394,70.5,72.4,40.8,24.2,60.4,0.4,8.03,25.5,0.315,14.1,21.2,0.662,13,37.1,12.7,8.03,4.73,12.9,20.2
Fresno State,0.364,67.7,73.9,40.6,24.6,54.4,0.453,6.94,20.9,0.332,11.5,16.8,0.685,7.88,31.6,12.5,6.15,2.45,12.6,15.8
Furman,0.515,79.5,75.9,40.6,27.6,62.2,0.444,9.7,29.9,0.324,14.6,20,0.728,11.2,37.8,16.2,7.12,2.88,11.8,16
Gardner-Webb,0.515,73.5,73.2,40.5,26.3,60.4,0.435,7.55,21.9,0.345,13.4,21.3,0.631,11.2,38.2,12.7,5.85,2.36,11.7,19.2
George Mason,0.625,71,65.9,40,24.7,53.8,0.46,6.81,19.9,0.342,14.8,19.9,0.743,10.1,36,11.4,5.47,3.44,11.8,16.5
George Washington,0.469,76.8,77.3,41.1,26.3,59.4,0.442,8.97,24.9,0.361,15.3,20.4,0.746,9.16,36.9,12.3,5.91,4.78,12.4,14.5
Georgetown,0.281,70.8,77.9,40.3,24.2,58.3,0.415,8.28,23.9,0.346,14.1,19.8,0.714,12.2,34.1,12.2,5.72,3.06,12.2,16.7
Georgia,0.541,74.7,74.7,40.1,25.5,59.3,0.43,8.11,23.9,0.34,15.6,21.7,0.72,9.89,35.6,11.8,6.41,3.27,11.4,16.2
Georgia Southern,0.273,73.3,79.2,40.5,25.7,59.7,0.43,9.36,26.6,0.352,12.6,17.3,0.732,10.5,34.2,10.7,6.91,4,13.2,20.1
Georgia State,0.452,76.5,74.8,40.3,27.6,63.5,0.435,7.55,23.2,0.326,13.7,18.1,0.757,10.5,37.4,11.8,5.77,2.87,9.71,17.5
Georgia Tech,0.438,71,75.2,40.6,25.3,60.1,0.421,7.94,24.4,0.326,12.4,17.5,0.709,11.5,38.1,13.3,4.38,4,12.3,16.5
Gonzaga NCAA,0.771,84.5,69.1,40,32,61.8,0.518,6.94,19.3,0.361,13.6,18.9,0.721,10.8,38.7,16.7,6.66,3.86,9.77,15.6
Grambling NCAA,0.583,67.7,69.6,40.5,23.9,54.3,0.44,5.14,15.2,0.338,14.8,20.8,0.708,9.61,32.2,9.83,7.39,3.19,13.1,16
Grand Canyon NCAA,0.857,79.1,67,40.1,26.4,57.4,0.46,7,20.8,0.336,19.3,25.8,0.749,11.8,38.1,12.1,8.26,5.49,12.3,17.9
Green Bay,0.563,69,69,40.3,24.4,54.4,0.448,8.91,26.3,0.339,11.4,15.8,0.722,8.84,33.2,12.9,4.38,2.16,12,17.3
Hampton,0.273,71.8,76.4,40,25.8,60.9,0.424,7.3,23,0.318,12.8,17.9,0.714,11.3,37,12.8,5.85,3.73,12.5,16.3
Harvard,0.519,70.4,71.7,40.4,24.6,56.1,0.439,7.41,22.1,0.336,13.7,19.5,0.702,9.26,34.9,13,6.22,4.33,12.1,14.8
Hawaii,0.588,72.3,68.7,40.4,24.8,54.1,0.458,7.79,22.8,0.341,14.9,20.8,0.718,8.44,34,12.2,4.62,2.59,12.4,17.5
High Point,0.75,83.9,74.4,40.7,27.8,60.1,0.462,8.33,24.4,0.341,20.1,25.8,0.778,13.2,40,11.9,5.06,3.33,11.1,18.1
Hofstra,0.606,74.2,68.5,40.2,27.4,58.1,0.471,10,27,0.371,9.42,12.5,0.753,7.7,32.8,15.4,6.18,3.48,10.4,14.5
Holy Cross,0.303,66.5,74.6,40.2,24.7,56.3,0.439,7.55,21.3,0.354,9.55,14.4,0.662,8.27,32.7,11.1,4.03,3.3,11,16.1
Houston NCAA,0.865,73.5,57.6,40.4,26.5,60.4,0.439,7.73,22.2,0.348,12.8,18.6,0.687,13.4,37.1,13.1,9.78,4.81,8.92,17.8
Houston Christian,0.207,71.5,83.4,40.2,26.2,60.4,0.433,5.07,16.8,0.301,14.1,21.9,0.644,11.9,37.1,11.4,5.59,2.83,15.3,14.6
Howard NCAA,0.514,74.9,74.3,40.6,24.8,55.2,0.449,8.03,21.6,0.371,17.3,23.1,0.751,11.3,35.9,13.9,6.06,2.8,15.5,18.9
Idaho,0.344,67.8,71.2,40.2,24.5,55.6,0.442,7.59,22.7,0.335,11.2,15.2,0.733,7.94,31.6,12.3,5.59,3.19,11.5,17.7
Idaho State,0.412,70.5,70.1,40.7,25.7,55.9,0.46,6.41,19.5,0.329,12.6,18.4,0.686,9.91,32.1,12,7,3.56,10.9,16.1
Illinois NCAA,0.763,83.4,73.3,40.3,29.1,62,0.469,8.34,23.9,0.349,16.9,23,0.736,12.8,40.9,13.3,4.37,3.76,10.6,15.2
Illinois State,0.469,66.5,67.7,40,23.2,54.8,0.424,6.06,20.8,0.292,14,19.7,0.711,10.1,34.8,12.5,5.56,2.25,11.3,15.7
Illinois-Chicago,0.364,70.3,71.5,40.8,25.6,58.4,0.438,8.7,23.9,0.363,10.4,15.2,0.688,8.21,33.6,13.9,6.15,5.33,12.4,17.7
Incarnate Word,0.258,72.3,78.6,40.3,24.8,57.9,0.428,7.61,23,0.331,15.1,20.8,0.727,10.7,36.5,12.2,6.03,4.13,16,19
Indiana,0.576,72.3,74.3,40,26.6,56,0.476,5.03,15.5,0.324,14,21.1,0.664,8.88,35,15.3,5.18,4.03,12.1,16.9
Indiana State,0.821,84.8,73.2,40.1,29.3,57.9,0.505,10.9,28.7,0.382,15.4,19.3,0.796,7.15,35.5,17.9,6.1,1.85,11.6,16.4
Iona,0.485,71.3,70.6,40,26,60.1,0.432,8.21,23.3,0.353,11.2,17.2,0.652,10.5,31.8,14.3,8.85,2.91,10.2,17.8
Iowa,0.559,83.1,79.4,40.1,30.1,63.4,0.476,6.65,18.9,0.351,16.2,20.9,0.774,9.79,35.6,17.8,6.82,3.94,9.62,16.9
Iowa State NCAA,0.784,75.3,61.5,40,27.1,58.5,0.463,6.65,18.6,0.358,14.5,20.7,0.702,10.6,33.9,15.7,10.3,3.05,10.5,16.5
IU Indy,0.188,65.9,79.8,40.2,24.2,55.3,0.438,3.44,13.9,0.248,14,19,0.736,9.88,29.5,10.4,7.63,2.09,14.6,17.4
Jackson State,0.469,71.2,75.6,40.2,25,60.1,0.415,6.59,20.3,0.325,14.7,20.9,0.704,13,36.3,12,7.47,3.47,13.4,17
Jacksonville,0.485,71.8,72.4,40.2,25.3,58.1,0.435,6.48,19.7,0.329,14.7,20.8,0.705,12.5,36.6,10.8,7.73,3.03,13.1,19.6
Jacksonville State,0.438,70,66.4,40.2,25.1,55.6,0.452,5.31,15.8,0.335,14.5,20.7,0.702,11.6,36.8,11.1,6.75,3.94,13.5,16.4
James Madison NCAA,0.889,83.2,69.6,40.4,29.8,62.6,0.476,8.53,23.7,0.36,15.1,21.4,0.703,11.5,38.6,16,9.03,3.14,10.9,17.3
Kansas NCAA,0.676,75.6,69.9,40.1,28.2,57.9,0.488,5.74,17.3,0.332,13.4,18.5,0.721,8.24,36.1,19,7.15,3.91,11.7,14.8
Kansas City,0.5,71.9,69.3,40.6,25.4,59.5,0.427,8.41,25.3,0.332,12.7,17.8,0.713,11.5,36.3,12.8,5.97,3.75,12,19.5
Kansas State,0.559,72.2,71.1,41,24.6,56.4,0.436,7.38,23.2,0.318,15.6,21.6,0.72,11.1,37.5,14,5.94,4.09,14.8,17.5
Kennesaw State,0.484,82.8,80.8,40.3,29.3,65.6,0.446,9.42,28.6,0.329,14.8,22,0.674,12.3,38.8,14.8,7.35,4.06,12.1,20.1
Kent State,0.5,74.8,71.3,40.7,26.2,59.3,0.441,8.29,23.2,0.358,14.2,19,0.746,11.1,34.6,12.8,6.88,2.62,11.9,17.9
Kentucky NCAA,0.697,89,79.7,40.5,32,64.6,0.495,9.91,24.2,0.409,15.2,19.7,0.772,10.1,37.6,17.5,7.52,6.27,10.7,17.5
La Salle,0.485,72.7,73.1,40.6,26.6,61.8,0.43,8.52,24.6,0.346,11,15.2,0.723,10.2,34.6,14.7,6.33,3.33,9.58,16.7
Lafayette,0.344,62.8,67.3,40.6,23.3,57,0.408,7.09,22.8,0.312,9.22,13.7,0.674,8.72,33.3,13.2,6.56,4.34,11.6,16.2
Lamar,0.576,77.8,72.9,40.6,27.6,61.4,0.45,7.52,21.7,0.346,15,20.6,0.73,12.5,38.1,16.5,7.06,3.73,12.9,18.6
Le Moyne,0.469,72.4,70.2,40.2,25.7,59.6,0.432,9.84,28.4,0.346,11.2,14.7,0.761,8.44,34.2,15.7,8,3.22,11.5,15.3
Lehigh,0.438,72.7,71,40.9,25.9,59,0.439,7.19,22.3,0.322,13.7,18.6,0.735,8.22,35.5,13.2,7.22,2.28,12.1,16.6
Liberty,0.563,73.8,65.5,40.3,27,57.8,0.467,10.1,27.5,0.368,9.75,14.8,0.661,8.72,34,15.9,5.22,2.31,10.4,15
Lindenwood,0.29,65.1,73.1,40.2,22.5,55.7,0.403,4.81,17,0.283,15.4,21.1,0.732,8.77,31.7,8.03,6.16,2.48,12,17.5
Lipscomb,0.625,82.1,76.5,40,30,60.8,0.493,9.28,24.4,0.38,12.8,16.7,0.767,7.63,33.3,14.5,6.13,3.44,10,12.9
Little Rock,0.618,77.3,72.5,40.3,28.1,59.5,0.473,6.38,18.5,0.345,14.6,19.5,0.748,10.9,36.6,14.8,5.97,4.71,12.3,17.5
Long Beach State NCAA,0.583,77.4,76,40.3,27.6,62.2,0.444,5.39,17.7,0.305,16.8,23.8,0.709,12.5,38.9,15.3,7.92,4.19,12.6,17.2
Long Island University,0.241,66.5,76.8,40.3,24.3,58.3,0.418,5.41,17.4,0.31,12.4,18.3,0.677,9.38,35,12.5,6.45,3.03,14.6,19.2
Longwood NCAA,0.6,74.7,68.5,40.6,26.6,58.7,0.453,5.74,16.9,0.341,15.8,23,0.687,13.4,38.4,12.7,6.97,2.51,12.7,18.3
Louisiana,0.576,75.9,71.7,40,27.8,61.4,0.454,7.61,22.5,0.338,12.6,17.2,0.729,11.2,34.3,12.4,8.61,3.76,11.8,17.9
Louisiana State,0.515,76.4,75,40.2,26.3,57.8,0.455,7.76,21.7,0.357,16,22.1,0.723,10.5,35.7,11.8,8,3.79,13.2,17.4
Louisiana Tech,0.688,74.8,64.5,40.3,25.7,56.3,0.457,7.16,19.8,0.362,16.2,23.1,0.701,11.8,38.9,12.6,7.5,5.03,12.4,15.6
Louisiana-Monroe,0.367,69.9,74.4,40.2,25,59.6,0.42,5.07,17.1,0.296,14.7,22.2,0.665,13.2,37.8,12.7,7.3,2.2,12.5,18
Louisville,0.25,72,79.1,40.2,25,57.3,0.436,5.47,17.8,0.306,16.6,22.3,0.746,9.94,34.4,11.1,5.44,2.59,12.8,17
Loyola (IL),0.697,73.1,67.5,40.3,25.9,57.6,0.45,8.3,23.5,0.354,13,19.1,0.68,9.61,36.8,16.6,7.06,5.03,12.8,19.5
Loyola (MD),0.219,64,71.9,40.5,23,55.2,0.417,7.19,21.4,0.336,10.8,16.8,0.644,10.3,34.3,12.8,5.91,2.16,13.6,16.2
Loyola Marymount,0.387,72.4,71.4,40,25.9,57.8,0.448,8.42,22.9,0.368,12.2,16.7,0.73,9.9,34.9,11.9,3.68,2.61,10.7,16.3
Maine,0.469,67.6,67.5,40.3,25,57.2,0.437,5.41,18.3,0.295,12.2,16.9,0.719,7.97,32.6,12.4,8.41,3.28,11.4,16.3
Manhattan,0.233,66.2,75.8,40.5,24.7,59.7,0.413,7.3,23.2,0.315,9.53,13.2,0.722,9.17,33,14.4,7.53,2.93,13.4,13.9
Marist,0.581,64.6,62.2,40,23.4,52.8,0.443,6.84,19.2,0.356,11,15.7,0.697,7.16,32.1,12.3,6.84,2.81,12.2,16.2
Marquette NCAA,0.73,78.1,69.8,40.1,29.1,61,0.478,8.84,25.1,0.352,10.9,15.6,0.703,8.7,32.8,15.9,8.57,3.54,9.97,15
Marshall,0.394,73.8,76.7,40,26.2,64.2,0.408,8.18,26.4,0.31,13.2,18.6,0.711,12.3,39.5,14.9,6.97,4.36,11.9,16.1
Maryland,0.485,69,65.9,40.5,23.2,56.2,0.413,6.09,21.1,0.289,16.5,22.9,0.72,11.5,35.7,10.9,6.58,4.52,11.7,17.5
Maryland-Baltimore County,0.344,78.7,80.7,40.2,29.8,64,0.466,7.97,22.3,0.357,11,15.8,0.698,9.5,36.8,13,5.09,3.94,13.1,15.8
Maryland-Eastern Shore,0.31,65.2,70.6,40.5,23,57.4,0.401,5.79,19.7,0.295,13.3,18.6,0.715,10.9,35,10.8,7,2.79,13.8,17.5
Massachusetts,0.645,77.5,70.7,40.2,27.7,61.4,0.451,6.74,21.5,0.313,15.4,22,0.699,13.4,38.3,15.6,7.61,3,11.1,18.7
Massachusetts-Lowell,0.688,80,70.7,40.3,28.5,60.1,0.475,5.81,17.7,0.329,17.2,23.3,0.736,11.5,40.8,12.7,6.94,4.91,13.3,15
McNeese State NCAA,0.882,80,62.2,40,28.6,58.7,0.487,7.56,19.7,0.383,15.2,21.9,0.693,11.2,36.1,14.9,10.3,3.38,9.68,17.3
Memphis,0.688,80.5,75.8,40.3,28,61,0.46,8.31,23.7,0.35,16.1,22.2,0.725,12,37,13.7,8.56,4.53,13.1,17.2
Mercer,0.485,71.2,71.8,40,26.7,59.4,0.449,6.36,18.4,0.345,11.5,17.1,0.669,11.2,34.3,13.2,6.94,3.42,11.1,19.1
Merrimack,0.636,69.2,65.4,40.3,24.1,55,0.438,7.3,23.6,0.309,13.7,18.8,0.729,7.88,31.3,12.4,9.85,3.67,13.2,16.1
Miami (FL),0.469,75.8,73.6,40.2,27.8,61.3,0.454,8.94,24.8,0.361,11.3,15.1,0.745,10.1,36.7,14.2,7.16,3.13,12.1,13.1
Miami (OH),0.469,70.6,70,40.2,24.9,56.3,0.443,8.09,22.4,0.361,12.6,17.9,0.706,8.03,33.2,14.4,6.31,3.09,11.7,17.3
Michigan,0.25,72.9,79,40.5,25.9,58.4,0.444,7.97,22.2,0.359,13.2,18.7,0.703,10.6,35.4,12.5,4.16,3.56,12.9,17.2
Michigan State NCAA,0.571,72.9,66.1,40.1,27.1,58.8,0.461,6.49,17.9,0.363,12.2,17.2,0.708,10.1,34.7,15.9,7.09,3.77,10,16.6
Middle Tennessee,0.424,65.7,70.3,40.8,22.5,55.8,0.402,7.3,23.5,0.311,13.5,19.1,0.704,10.4,34.8,9.97,5.3,4.18,14,15.6
Milwaukee,0.571,79.5,78.7,40.7,28,62.8,0.446,7.91,24.6,0.322,15.6,21.4,0.727,13.5,39,14.2,5.94,4.43,12.5,18.1
Minnesota,0.559,75,71.9,40.1,26.8,56.8,0.472,7.88,22.2,0.355,13.6,19.7,0.69,10.1,34.9,17.3,6.29,4.41,12,16.1
Mississippi,0.625,74.9,73.9,40,26.2,58.6,0.447,7.53,20.6,0.365,15,20.6,0.728,10.4,33.5,15.1,7.84,5.75,10.8,16.3
Mississippi State NCAA,0.6,74.1,69.1,40.1,26.2,57.9,0.452,7.17,22.3,0.321,14.5,21.7,0.67,12.5,38.1,14,8.11,3.06,13,16.6
Mississippi Valley State,0.032,55.5,77.7,40.2,19.8,52,0.381,4.61,15.8,0.292,11.3,17.2,0.658,9.61,29.4,8.74,6.61,2.29,16,17.7
Missouri,0.25,72.2,76.2,40.2,25.2,57.4,0.439,7.28,22.8,0.319,14.4,18.2,0.792,9.16,31,12.2,7.66,4.81,11.6,20.1
Missouri State,0.515,71.2,71.3,40.6,25.7,58.5,0.439,6.76,21.5,0.314,13.1,18.4,0.711,10.2,39.1,12.1,4.3,4.52,12,15.3
Monmouth,0.545,72.4,72.6,40,26.1,60.5,0.43,7.64,22,0.347,12.7,17.7,0.715,11.2,35.4,13.1,7.15,3.45,10.5,16.9
Montana,0.667,76.9,71.8,40.3,28,57.6,0.485,7.69,21.5,0.358,13.3,16.7,0.792,8.31,34.1,14.9,4.78,2.97,10.3,16.7
Montana State NCAA,0.486,75.3,74.5,40.6,26.9,57.5,0.468,9.11,24.7,0.37,12.4,17,0.728,6.77,30.5,13.2,8.26,2.4,11.7,18.5
Morehead State NCAA,0.743,75.3,63.4,40,27,57.7,0.467,9.4,26.1,0.361,11.9,16.9,0.706,11.6,39.2,15,5.89,4.57,11.8,15.8
Morgan State,0.355,72.7,77.5,40.3,27.1,60.1,0.451,4.77,16.3,0.293,13.7,18.1,0.758,10.9,35.5,12.5,6.19,3.58,14.5,19.2
Mount St. Mary's,0.406,72.7,71.8,40.5,27.4,57.9,0.473,6.78,19.2,0.353,11.2,15.4,0.725,9.75,35.2,13.2,6.91,3.91,14.5,15.5
Murray State,0.375,69.8,69.9,40.2,25.7,57.5,0.446,6.53,20.3,0.321,11.9,17.1,0.697,9.34,32.8,11.5,6,2.75,9.5,15.3
Navy,0.419,66.5,66.7,40.3,23.1,58.4,0.396,5.84,19.5,0.3,14.4,20.4,0.708,12.5,35.6,12.1,6.68,2.03,10.2,18
NC State NCAA,0.634,75.6,71.8,40.5,27.2,60.6,0.45,6.95,20.2,0.345,14.2,19.4,0.733,10.1,35.3,13.1,7.24,3.61,9.56,16.2
Nebraska NCAA,0.676,77.7,70.9,40.4,26.8,59.3,0.452,9.38,26.3,0.357,14.7,19.4,0.76,9.59,37.6,15.3,6.29,2.62,11.1,15.9
Nevada NCAA,0.765,75.9,66.9,40.1,25.9,54.7,0.474,6.68,18.4,0.363,17.4,24.2,0.72,8.88,34.3,15,6.29,3.56,10.1,17.6
Nevada-Las Vegas,0.618,73.6,68.9,40.6,26.6,57.6,0.462,6.79,20.1,0.337,13.5,18.6,0.724,10.3,34.2,13.2,6.12,4.53,11.1,15.9
New Hampshire,0.516,74.1,74.1,40.2,25.8,62.4,0.414,8.87,27.4,0.324,13.6,18.2,0.745,9.19,37.4,11.8,7.29,2.06,12,15.2
New Mexico NCAA,0.722,81,70.7,40,29.6,65.1,0.455,6.47,19.8,0.328,15.3,21.6,0.707,12.8,39.7,14.6,8.67,4.94,10,17.6
New Mexico State,0.406,67.7,72.4,40.5,24.1,56.9,0.423,6.44,19.6,0.329,13.1,19.3,0.677,8.94,33.7,11.2,6.09,3.06,11.9,19.9
New Orleans,0.303,73.5,79.5,40.2,25.6,61.3,0.418,5.42,17.8,0.304,16.8,23.4,0.72,11.4,34.5,11.8,7.7,3.58,12.3,19.1
Niagara,0.5,72.5,72.1,40.5,25.7,54.7,0.47,6.22,17.2,0.362,14.9,19.8,0.752,7.34,30.5,12.8,5.63,2.19,11.8,15
Nicholls State,0.588,73.9,73.9,41.3,25,56.1,0.445,8.35,22.9,0.365,15.6,21.5,0.725,9.56,35.3,11.4,6.74,4.12,13.2,18.7
NJIT,0.25,67.9,75,40,23.7,60,0.394,7.18,23.8,0.302,13.4,18.9,0.709,11.5,34.7,10.5,7.18,3.29,11.1,19.1
Norfolk State,0.686,74.5,67.5,40.1,25.9,56.5,0.459,6.37,18.7,0.34,16.3,22.5,0.722,11,34.4,12.5,8.8,3.09,12.1,18.6
North Alabama,0.469,76.5,76.1,40.8,26.8,60.3,0.444,7.69,21.2,0.362,15.2,19.8,0.768,9.91,35.4,11.2,5.34,3.16,10.1,18.4
North Carolina NCAA,0.784,81.9,70.5,40.1,28.3,62.8,0.45,8.14,22.7,0.359,17.3,22.8,0.759,12.2,41.1,14.5,5.78,4.08,10.1,16.5
North Carolina A&T,0.219,65.6,77.9,40,22.7,58.5,0.388,6,20.9,0.287,14.2,19.9,0.713,9.38,31.9,10.2,5.63,3.25,9.38,15.3
North Carolina Central,0.581,76.6,69,40.3,26.5,58.5,0.454,7.52,22,0.342,16,23,0.695,11.3,35.4,12.8,7.65,2.68,12,17.8
North Dakota,0.563,75.3,71.9,40.2,26.8,60.4,0.444,8.25,25.3,0.326,13.4,18.8,0.713,11.4,36.6,11.6,6.31,3,10.1,15.2
North Dakota State,0.469,74.6,73.9,41.1,27.3,57.3,0.476,7.88,20.8,0.378,12.2,17,0.718,8.47,34.3,11.6,4.34,1.34,11.1,14.6
North Florida,0.5,78,75.8,40.5,26.5,59.9,0.443,12,33.2,0.36,13,16.9,0.766,8.88,33.6,12.4,5.59,3.63,11.3,16.2
North Texas,0.559,69.2,63.8,40.3,24.3,56.1,0.433,8.35,22.1,0.377,12.3,16.6,0.737,11.5,34.7,11.1,7.09,2.97,11.1,16.8
Northeastern,0.375,69.4,72.3,40,25.3,55.6,0.455,6.38,20.1,0.318,12.4,16.6,0.748,10.2,33.2,13.6,6.25,3.34,12.4,15.2
Northern Arizona,0.424,68.6,76.6,40.3,25,57.1,0.438,6.27,20.1,0.312,12.4,17.8,0.696,8.3,31.3,13.5,5.67,3.09,12.6,18.3
Northern Colorado,0.576,79.3,77,41.2,29.4,60.5,0.485,7.7,22.1,0.348,12.9,17.7,0.729,8.18,35.1,14.6,6.27,2.39,11.2,16.6
Northern Illinois,0.355,73.2,77.4,40.5,25.8,58.1,0.444,7.32,22.5,0.326,14.3,21.2,0.672,10.3,35.8,10.2,5.29,4.94,12.7,17.4
Northern Iowa,0.576,73.2,71.1,40.3,25.5,56,0.456,7.21,20.9,0.345,14.9,21.1,0.707,8.03,33.8,12.5,6.24,2.58,10.3,16.6
Northern Kentucky,0.545,74.8,73.2,40.6,26.7,58.6,0.456,6.33,19.9,0.319,15.1,20.9,0.719,10.5,34.6,13.8,8.61,2.61,12.3,16.5
Northwestern NCAA,0.647,73.3,69.1,40.7,26.2,57.6,0.455,8.18,21,0.39,12.7,16.9,0.752,8.53,31.4,15.6,7.03,3.12,8.82,17.6
Northwestern State,0.281,70.5,75.9,40.6,25.3,58.5,0.432,6.38,20.1,0.317,13.7,20.7,0.659,11.4,34.6,11.5,6.97,3.28,13.3,18.7
Notre Dame,0.394,64,67.2,40.5,22.5,55.3,0.407,7.61,23.9,0.318,11.5,15.4,0.744,9.82,35.9,10.2,5.73,2.42,12.5,15.1
Oakland NCAA,0.667,76.4,73.2,40.7,26.8,60.2,0.446,8.83,24.9,0.355,13.9,18.5,0.751,10.6,35.9,14.5,6.58,2.78,11,15.1
Ohio,0.606,77.3,70,40.5,27.3,60.2,0.453,8.91,25.1,0.356,13.8,18.9,0.73,10.1,34.9,14.1,7.12,3.58,9.73,17
Ohio State,0.611,75.5,70.2,40.4,26.6,59.1,0.45,7.06,20.4,0.345,15.3,19.9,0.767,10.9,37.1,14.1,5.58,4.61,10.6,17
Oklahoma,0.625,75.4,68.8,40.3,26.1,56.2,0.465,7.47,21.6,0.345,15.7,21.2,0.743,9.69,35.2,13.3,5.91,3.25,12.5,16.1
Oklahoma State,0.375,71,72.7,40.5,24.8,56.2,0.441,8.13,24.3,0.334,13.3,19.1,0.697,9.19,33.7,13.4,6.25,2.88,12.9,16
Old Dominion,0.219,70.9,77,40.3,26.3,62.5,0.42,6.91,21.7,0.318,11.4,17.2,0.662,10,35.4,10.3,7.84,3.84,10.9,18.2
Omaha,0.455,74,72.8,40.3,25.6,56.8,0.451,6.24,19.1,0.326,16.5,22.2,0.743,8.55,33.7,10.2,6.06,2.21,9.88,16.7
Oral Roberts,0.387,73.4,75.3,40.3,26.2,59.5,0.44,9.19,25.5,0.361,11.8,15.9,0.742,7.58,33,11,5.65,3.42,9.68,17.2
Oregon NCAA,0.667,75.6,72.3,40.4,27.3,59.6,0.458,7.31,21.6,0.338,13.7,19.1,0.719,9.92,34.4,13.8,7.17,3.64,10.2,16.4
Oregon State,0.406,68.9,72.7,40.9,24.1,54.5,0.442,6.13,18.7,0.328,14.5,19.7,0.737,8.59,32.5,11.1,6,3.72,12.3,18.5
Pacific,0.188,64.7,79.8,40.3,22.7,55.1,0.411,6.34,20.1,0.316,13.1,20.3,0.643,6.53,27.3,13.2,6.09,2,11.8,17.2
Penn State,0.485,75.1,73.4,40.3,25.9,59.1,0.438,7.73,23.2,0.334,15.6,20.9,0.747,9.58,32.3,12.6,8.33,3.39,11.1,18.3
Pennsylvania,0.379,74.4,74.4,40.7,26.9,59.3,0.454,9.48,25.9,0.367,11.1,16.1,0.688,10.4,35.9,14.8,5.97,2.31,11.1,14.9
Pepperdine,0.394,72.8,74,40,26.3,58.3,0.451,6.82,18.9,0.361,13.4,19,0.704,10.1,33.8,13.3,5.12,2.73,11.2,16.3
Pittsburgh,0.667,75.6,67.6,40,26.5,60.6,0.437,9.61,26.9,0.357,13.1,18.5,0.708,11.4,37.1,13.7,6.3,4.45,9,15.5
Portland,0.364,71.5,79.5,40.2,25,57.3,0.437,8.85,25.5,0.347,12.6,17.6,0.716,8.36,33.7,13.5,4.12,2.18,11.9,14.8
Portland State,0.531,71.9,71.8,40.3,25.3,60.9,0.415,7.41,22.8,0.325,14,20.4,0.686,11.7,36.9,11.8,7.06,3.34,11.3,18.1
Prairie View,0.323,70.2,76.4,40,24.8,59.1,0.421,4.81,15.8,0.305,15.7,21.8,0.721,9.77,30.7,12,9.13,2.81,12.8,20.2
Presbyterian,0.424,74.8,73.1,40.3,27.2,57.6,0.472,6.36,19.1,0.334,14.1,21.2,0.663,9.45,33.3,12.9,7.03,3.21,11.4,18.5
Princeton,0.828,77.1,66.6,40,26.8,58.4,0.458,10.5,29.4,0.356,13,16.1,0.806,8.41,33.3,14.6,5.97,1.9,8.17,13.5
Providence,0.6,72.4,68.8,40.4,25.5,57.5,0.443,8.29,25.5,0.325,13.2,18.3,0.722,9.17,35.9,13.6,6.43,4.6,12.1,15.8
Purdue NCAA,0.872,82.3,69,40.4,28.4,58.3,0.488,8.15,20.2,0.404,17.3,24.1,0.72,12.2,40.4,18.5,5.44,3.64,11.3,13.7
Purdue Fort Wayne,0.639,80.2,71.6,40.3,29,62,0.468,9.44,26.2,0.361,12.8,18.2,0.703,8.39,32.6,13.6,9.22,3.08,10.4,17
Queens (NC),0.424,80.1,81.6,40,28.1,63.5,0.443,8.91,26.2,0.34,14.9,21,0.71,11.3,37,13.2,6.97,2.76,11.4,17.4
Quinnipiac,0.706,77.4,71.2,40.1,27.6,61.4,0.449,7.47,21.3,0.351,14.7,19,0.775,10.9,36.9,14.1,7.65,3.68,12.4,16.2
Radford,0.485,72,71.5,40.5,26.4,57.8,0.457,7.21,19.8,0.363,12,16.3,0.739,10.3,34.6,11.1,5.55,3.52,10.8,17
Rhode Island,0.375,72.6,76.3,40,25.8,56.3,0.459,6.53,18.7,0.349,14.4,22.3,0.647,10.4,36.8,12.8,4.72,3.09,12.6,16.9
Rice,0.344,72,75.7,40.5,26,58.8,0.443,7.84,23.3,0.337,12.1,17.4,0.695,10.3,35.4,14.4,5.56,3.66,11.6,14.5
Richmond,0.697,71.9,66.3,40.2,26.5,57.2,0.463,7.33,20.2,0.362,11.6,15.8,0.732,5.7,32.8,13.2,6.67,2.94,8.64,14.2
Rider,0.469,72.2,72.1,40.5,26.1,60,0.435,5.69,16.9,0.337,14.2,19,0.748,11.3,37.6,13.3,6.56,3.88,12.4,17.5
Robert Morris,0.313,72.7,75.8,40.6,26,60.2,0.432,8.53,25.4,0.336,12.1,16.9,0.717,12.2,36.2,13.5,4.91,2.88,13.8,17.6
Rutgers,0.469,65.4,66.5,40.2,23.4,60.2,0.389,5.47,19.1,0.287,13,19.8,0.658,12.3,37.1,11.8,7.72,5.22,11.4,16.9
Sacramento State,0.294,67.1,70.4,40,23.5,54.6,0.43,7.59,22.9,0.331,12.6,17.6,0.716,11.7,35.6,13.1,5.24,2.74,14.6,17
Sacred Heart,0.5,74.1,72.3,40,27,59.3,0.455,7.41,20.3,0.365,12.7,18.3,0.695,9.38,33.7,13.8,8.72,5.03,11.7,16.9
Saint Francis (PA),0.267,65.2,72.7,40.2,23.8,56.1,0.424,6.43,19.2,0.335,11.2,18.4,0.61,11.9,34.6,12.2,5.93,3.57,13.7,17.7
Saint Joseph's,0.6,75.5,70.5,40.3,26.5,59.5,0.445,10,28.5,0.352,12.4,17.1,0.726,10.1,35.8,14.7,7.06,3.8,11.5,15.3
Saint Louis,0.394,74.9,79.4,40,25.6,56.8,0.451,7.85,21.4,0.367,15.9,21.2,0.75,8.7,33.5,12.9,6.06,3.06,11.8,18.1
Saint Mary's (CA) NCAA,0.765,74,59.2,40.3,27.5,59,0.466,7.59,21.6,0.352,11.4,16.8,0.676,13.2,39.6,16.2,6.56,3.82,10.2,16.4
Saint Peter's NCAA,0.576,64.8,64,40.2,21.8,55.5,0.393,5.82,17.9,0.325,15.4,21.6,0.712,12.5,35.2,10.6,7.12,4.15,12.5,19.4
Sam Houston,0.636,72.2,69.2,40.3,25.1,59,0.425,7.42,21.1,0.352,14.5,20.1,0.724,11.9,38,12.9,6.85,2.27,13.2,18.1
Samford NCAA,0.829,86.1,74.5,40,30.1,61.5,0.49,10,25.4,0.395,15.8,21.9,0.723,10.6,35.8,17.7,9.91,3.74,13,19.1
San Diego,0.545,72.5,77.3,40,25.7,59.9,0.429,7.06,20.5,0.344,14,19.2,0.728,10,34.2,13.1,7.24,3.82,13.2,19
San Diego State NCAA,0.703,74.1,66.7,40.7,25.8,58.6,0.44,7,22.2,0.315,15.5,21.2,0.733,11.7,37.8,13,7.43,4.03,11.2,17.5
San Francisco,0.676,77.7,66.5,40.3,29.3,60.1,0.487,8.62,24.3,0.355,10.6,14,0.755,9.41,34.1,16.3,8.21,3.44,11.5,18.3
San Jose State,0.281,69.6,75.1,40.3,26,58,0.448,8.34,24.3,0.343,9.28,13.2,0.702,7.88,30.8,13.5,5.16,3.31,10.5,17.1
Santa Clara,0.606,76.9,72.2,40.2,27.6,60.1,0.46,8.21,23.2,0.354,13.4,18.8,0.715,12,39.3,15.1,4.79,2.7,12.8,17.7
Seattle,0.622,73.8,66.8,40.8,25.8,57.9,0.446,7.59,21.9,0.346,14.5,19.7,0.736,10.1,37,13,5.81,2.86,12.7,18.5
Seton Hall,0.676,73.8,69.9,40.5,26.7,59,0.452,6.19,18.4,0.336,14.2,18.2,0.782,12,37.3,13,7.57,4.84,12.6,15.2
Siena,0.125,60.4,74.4,40,21.9,54.9,0.399,5.28,18.8,0.28,11.3,16.9,0.667,11.7,35.4,10.7,5.13,4.06,15.8,15.3
South Alabama,0.5,74,75.7,40.6,26.1,58.9,0.443,7.47,21.6,0.345,14.3,19.1,0.75,7.94,33,10.7,6.75,2.75,11.3,16.6
South Carolina NCAA,0.765,72.1,67.6,40.3,25.4,57.9,0.439,8.06,23.8,0.339,13.1,18.4,0.711,11.4,35.6,15.4,4.76,3.18,10.1,16.2
South Carolina State,0.438,70.2,74.7,40.3,24.5,59.8,0.41,6.25,19.4,0.323,14.9,21.6,0.689,14.9,37.6,13.6,8.34,3.47,15.2,20.8
South Carolina Upstate,0.333,71,72.9,40.5,26,58.4,0.445,7.67,23,0.333,11.3,17.7,0.642,8.73,31.7,12.5,7.23,3.2,11.5,19.6
South Dakota,0.375,76.1,79.2,40.6,27.3,59.9,0.457,7.84,20.9,0.375,13.5,18.2,0.743,10.4,37.4,12.2,3.59,1.75,12.8,16
South Dakota State NCAA,0.629,76.4,71.1,40.3,27.9,58,0.482,8.57,23.5,0.365,12,16.9,0.71,8.26,35.4,12.9,6.09,3.2,11.3,14.3
South Florida,0.758,75.7,69.3,40,25.4,57.6,0.441,8.94,24.4,0.367,16.1,21.8,0.737,9.94,36,14.9,6.94,3.39,10.8,17.2
Southeast Missouri State,0.29,67,73.5,40.2,24.6,59.6,0.413,6.19,20.4,0.304,11.5,16.5,0.699,9,31.7,12.4,5.74,2.52,12,19.5
Southeastern Louisiana,0.469,69,71,40.3,23.9,55.3,0.432,7.34,21.2,0.347,13.9,19.2,0.728,10.7,35,14.5,6.94,2.28,13.8,16.3
Southern,0.563,71.1,68.7,40.3,25.2,57.2,0.441,6.91,21.4,0.323,13.8,20.4,0.674,9.75,31.9,13.8,9.09,3.28,14.3,19.7
Southern California,0.455,74.1,74.3,40.6,26.4,58.5,0.451,7.64,21.5,0.355,13.6,19.7,0.693,10,34,15.6,7.48,5.21,12.7,17
Southern Illinois,0.594,72.7,68.2,40.6,24.7,54.6,0.453,8.25,23.8,0.347,15,19.7,0.762,8.44,33,14.3,5.47,3.06,11.1,18.1
SIU Edwardsville,0.515,71.5,70.1,40,25.2,59.5,0.423,7.24,21.8,0.332,13.8,19.1,0.724,11.4,35.6,11.3,6.85,4.15,10.7,16.7
Southern Indiana,0.25,68.6,73,40.2,23,56.6,0.407,6.72,20.8,0.324,15.8,21.2,0.745,9.97,35.6,11.3,6.38,2.94,13.2,21
Southern Methodist,0.606,76.8,68.8,40.2,28.3,63.3,0.447,7.61,22.3,0.341,12.6,18.4,0.686,14.5,39.8,15.7,8.39,4.82,11.3,17.1
Southern Mississippi,0.5,69.9,71,40,24.2,57.1,0.424,6.28,19.2,0.327,15.2,21.7,0.7,10.7,36.8,11.8,7.16,4.81,12.8,17.2
Southern Utah,0.323,75,77.6,40.2,26.5,60,0.441,6.29,20.9,0.3,15.8,21.7,0.728,10.4,33.8,12.1,6.52,2.97,12,17.7
St. Bonaventure,0.606,73.5,68.6,40.5,25.8,56.7,0.456,7.61,20.8,0.365,14.2,18.3,0.774,9.7,32.9,12.5,6.61,3.88,10.8,16.8
St. John's (NY),0.606,78.8,71.9,40,29.4,64.8,0.453,7.18,21.1,0.341,12.9,17.7,0.728,14.4,38.8,15.7,7.03,5.45,10.9,18
St. Thomas,0.606,72.8,64.8,40.2,26,55.3,0.471,9.06,25.1,0.361,11.7,16,0.729,7.73,31.1,13.7,6.18,2.15,9.18,15.8
Stanford,0.438,76.3,76.5,40.6,27.6,58.9,0.468,8.94,24.2,0.37,12.3,16.9,0.728,7.75,34.3,16.1,5.5,3.09,12.8,15.3
Stephen F. Austin,0.545,74.6,71.3,40.8,25.7,57.3,0.449,6.15,18.4,0.334,17,24.1,0.706,11.9,35.9,12.8,8.94,2.82,16.1,21.1
Stetson NCAA,0.629,76.8,73.3,40.1,27.1,58.7,0.463,8.94,24.5,0.365,13.5,17.7,0.766,9.69,34.7,13.3,5.34,3.09,10.5,14.7
Stonehill,0.129,63.5,76.1,40.2,23,57.7,0.399,8.16,26.9,0.303,9.23,13.4,0.689,8.29,32.9,11.8,6.39,2.48,13.6,15.4
Stony Brook,0.571,73.5,72.3,40.9,26.3,60,0.438,7.91,22.1,0.357,13,17.5,0.739,9.6,36.6,12.1,6.03,3.23,10.3,15.2
Syracuse,0.625,76.3,75.6,40,27.6,59.8,0.461,6.84,20.3,0.336,14.3,19.8,0.721,8.66,33.3,13.8,9.06,4.03,11.4,15.4
Tarleton State,0.714,74.1,68.6,40.1,27.2,59.7,0.455,5.8,17.8,0.326,13.9,18.4,0.757,10.8,34.1,13.8,8.8,3.54,11.3,17.3
TCU NCAA,0.618,79,71.7,40.6,28.4,61.4,0.461,6.59,18.6,0.354,15.7,21.5,0.731,12.7,37.1,16.9,8.97,3.76,12.9,17.4
Temple,0.444,70.9,72.9,40.8,24.3,61.5,0.396,8.22,25.9,0.318,14,19.7,0.709,11.3,36.2,11.2,7.36,2.92,9.92,16.9
Tennessee NCAA,0.75,78.8,67.4,40,27.2,61.8,0.44,8.75,25.4,0.344,15.6,20.8,0.751,11.6,38.7,16.7,7.78,4.61,10.2,17.5
Tennessee State,0.545,72.7,71,40.2,25.2,57,0.442,6.58,20.2,0.325,15.7,20.8,0.755,9.91,34.7,12,6.67,3.52,13.2,19.5
Tennessee Tech,0.323,67.4,73.8,40.3,24.5,54.6,0.448,6.52,19.6,0.332,12,16.8,0.711,6.16,30.9,12.2,5.03,2.9,11.9,13.6
Tennessee-Martin,0.656,81.5,76.7,40.3,28.4,63.9,0.444,8.72,24.3,0.358,16.1,20.8,0.771,10.2,41.2,13,6.22,2.78,11.4,14.2
Texas NCAA,0.618,75.4,68.9,40.1,27.4,58.5,0.469,7.21,20.3,0.355,13.4,17.6,0.757,9.97,34.7,15.1,7.18,4.38,11.6,17.3
Texas A&M NCAA,0.583,76,72,40.3,25.7,64,0.402,7.08,24.1,0.293,17.5,24.7,0.707,17.4,42.8,11.4,6.94,3,9.61,17
Texas A&M-Commerce,0.394,71.5,74.6,41.4,25.1,60.5,0.415,8.73,27.9,0.312,12.6,17.9,0.701,9.58,32.6,13.8,7.94,4.97,11.7,17.6
Texas A&M-Corpus Christi,0.636,75.2,66.7,40.5,26.9,62,0.435,5.55,18.7,0.297,15.7,22.4,0.703,13.3,40.2,14.7,8.82,2.91,12.1,20.9
Texas Southern,0.485,70.2,71.1,40.2,24.9,60,0.415,7.33,23.2,0.316,13.1,18.1,0.724,11.1,35.3,11.6,6.91,3.76,12.6,18.5
Texas State,0.486,69.9,70.1,40.3,25.2,56.8,0.444,4.54,13.9,0.326,14.9,21.3,0.696,11.1,35.5,11.8,7.37,3.37,13.4,17.6
Texas Tech NCAA,0.676,75.3,69.6,40.1,25.8,57.1,0.451,8.5,23.6,0.359,15.2,19.5,0.78,9.94,34.9,14.7,6,2.53,11.1,14.9
Texas-Rio Grande Valley,0.194,70.4,79.8,40.3,24.3,58.1,0.419,5.16,17.6,0.293,16.5,23.5,0.705,9.35,33.5,12.9,8.1,2.97,14,18.2
The Citadel,0.344,70.6,71.5,40.2,25.6,55.7,0.46,6.16,18.8,0.328,13.3,18.8,0.706,9.38,34.2,11.2,5.59,2.63,12,14
Toledo,0.625,80,76.1,40.3,28.8,60.2,0.478,6.47,17.2,0.376,16,21.3,0.754,9.94,33.8,13.4,7.28,2,10.7,15.6
Towson,0.588,67.5,63.6,40.4,24.1,56.9,0.423,6.35,19.4,0.328,13.1,19.8,0.661,14.4,39.3,11.2,6.18,4.18,12.1,16.6
Troy,0.625,79.6,70.7,40.6,26.8,60.9,0.441,8.63,24.6,0.351,17.3,23.5,0.733,13.3,38.4,13.7,10.3,3.28,13.8,19.1
Tulane,0.452,81.9,80,40.6,27.6,58,0.476,7.52,21.1,0.357,19.2,26.2,0.732,7,33.2,14.2,7.84,4.39,11.2,17.1
Tulsa,0.516,75,73.9,40.5,25.1,57.3,0.439,7.71,23.6,0.327,17,23.1,0.736,8.71,35.2,12.6,7.84,3.39,13,17.5
UAB NCAA,0.657,77.5,75.1,40.6,26.8,59.6,0.449,6.14,18.8,0.327,17.8,23.8,0.746,12.9,38,13.5,6.74,4.54,11.6,15.9
UC Davis,0.606,71.2,68.1,40.3,24.2,54.8,0.442,6.97,20.7,0.336,15.8,21.2,0.748,9.91,33.4,12.5,7.79,3.52,13.5,19.2
UC Irvine,0.706,77.6,68.3,40.3,28.4,59.9,0.475,5.79,16.6,0.349,14.9,19.9,0.753,10.6,37.9,15.6,6.44,3.32,11.6,18.4
UC Riverside,0.471,70.7,72,40.2,24.8,62.4,0.397,8.44,26.6,0.317,12.7,17.8,0.717,12.4,36.9,13.1,5.62,1.41,9.59,17.2
UC San Diego,0.636,76.7,69.4,40.5,26.8,58.6,0.457,8.88,24.8,0.358,14.2,18.9,0.752,9.61,34.8,13,6.21,2.76,9.7,16.1
UC Santa Barbara,0.516,75.4,73.5,40.3,26.6,54.3,0.49,6.03,16.7,0.36,16.1,21.8,0.736,8.13,34.9,13.5,4.9,3.19,13.1,16.5
UCF,0.515,71.7,67.9,40.2,24.8,58.9,0.42,6.82,21.2,0.322,15.4,21.9,0.701,12.4,37.7,11.4,8.7,5,12.5,18.2
UCLA,0.485,66,65.5,40,23.1,55.2,0.419,5.55,16.7,0.332,14.2,19.5,0.73,10.3,33.8,11.2,5.82,3.3,10.8,18.5
UNC Asheville,0.647,78.9,73.1,40.4,26.6,57.4,0.465,8.15,22.3,0.365,17.4,23.5,0.742,9.38,34.8,15.7,5.97,4.29,11.9,17.1
UNC Greensboro,0.656,75.7,69.8,40.3,27,58.7,0.461,10.1,25.4,0.397,11.6,15.8,0.73,9.97,35.4,14.8,6.97,2.53,10.9,17.2
UNC Wilmington,0.677,79.4,71,40.6,27.8,60.4,0.461,8.32,23.9,0.348,15.4,20.3,0.76,10.6,34.4,12.2,6.52,2.42,8.58,17
UT Arlington,0.588,76.9,73.3,40.1,25.9,58.3,0.444,8.97,25.3,0.354,16.1,22,0.735,11.9,37.5,15.8,7.09,3.82,15.5,20.8
Utah,0.595,78.8,73.2,40.4,29.2,62.4,0.469,9.32,25.2,0.37,11,16.9,0.65,10,38.9,17.7,5.86,4.16,11.5,15.9
Utah State NCAA,0.8,79.7,71.3,40.6,28.5,58.2,0.491,6.46,19.4,0.333,16.1,22.4,0.72,9.49,35.8,16.3,6.8,4.23,11,17
Utah Tech,0.355,70.8,77.1,40.3,24.9,55.6,0.447,6.48,19.2,0.337,14.5,22.5,0.645,9.9,34.5,12.9,6.61,4.29,16,20.9
Utah Valley,0.5,68.7,68.6,40.3,25,57.8,0.433,4.81,16.9,0.285,13.8,20.5,0.676,10.5,36.8,14.9,6.94,4.47,12.3,18.1
UTEP,0.529,72.6,69.1,40.3,25.3,56.5,0.447,5.71,17.9,0.319,16.4,23.8,0.69,10.6,33.1,12.9,11.4,2.85,14.7,19.9
UTSA,0.344,77.6,81,40.6,26.2,63.8,0.41,9.72,28.8,0.337,15.6,21.9,0.71,13.1,40.3,13.9,5.03,4.16,11.3,17.9
Valparaiso,0.219,67.6,75.5,40,24.9,61.3,0.406,7.31,22.5,0.325,10.5,14.7,0.715,10,33.3,12,6.16,3.53,11,16.3
Vanderbilt,0.281,67.9,75.9,40.2,23.4,58.7,0.399,6.53,23.1,0.283,14.6,20.6,0.709,10.8,34.4,9.38,6.13,2.88,10.4,15.3
Vermont NCAA,0.8,71.6,63,40.1,25.7,56.6,0.455,8.57,25.1,0.342,11.6,16.2,0.716,7.66,34.6,13.7,5.89,3.89,9.2,13.9
Villanova,0.529,70.2,65.6,40.9,24.3,57.2,0.425,9.26,27.4,0.338,12.4,15.3,0.808,8.47,34.8,12.9,5.79,2.38,9.62,15.3
Virginia NCAA,0.676,62.9,59.8,40.4,23.8,55.5,0.428,6.47,18.1,0.358,8.94,14,0.637,8.76,32.6,15,7.03,4.97,8.06,13.5
Virginia Commonwealth,0.632,71,66.7,40.3,23.8,54.2,0.44,8.47,24,0.353,14.8,19,0.781,9.03,35.2,13.6,6.47,4.39,12.2,16.4
VMI,0.125,68.9,82.6,40.2,25.6,60.5,0.423,6.56,21,0.312,11.2,16.2,0.692,9.34,36.6,10.5,5.59,2.56,15.8,16.8
Virginia Tech,0.559,74.9,71,40,26.1,56,0.465,8.12,23.3,0.348,14.7,18.5,0.793,7.74,32.4,15.1,5.29,2.44,11.1,15.9
Wagner NCAA,0.515,63.7,63.1,40.5,23,58,0.396,7.21,22,0.327,10.6,15,0.704,11.2,35.8,12.8,5.91,2.3,9.88,15.4
Wake Forest,0.6,78.1,70.7,40.3,27.7,58.3,0.474,7.94,21.8,0.364,14.8,18.7,0.795,8.46,34.2,12.3,5.91,4.14,10.7,15.5
Washington,0.531,80.6,77.1,40.8,29.1,61.9,0.47,8.06,22.8,0.354,14.3,19.9,0.722,9.41,36,15.1,5.75,3.69,11.7,18.3
Washington State NCAA,0.714,73.5,66.7,40.3,27.1,58.5,0.463,6.37,18.8,0.339,13,18.5,0.704,11.2,37.6,12.4,5.17,4.91,10.9,16.6
Weber State,0.625,75.4,67.5,40.3,26.3,56.2,0.469,7.84,22.5,0.348,14.9,19.9,0.749,7.75,32,12.2,6.91,1.66,9.88,15.5
West Virginia,0.281,69.8,76.8,40.3,24,55.8,0.43,7.28,20.8,0.349,14.6,20.7,0.705,9.16,33.8,13,4.34,3.56,12.7,15.2
Western Carolina,0.688,76.8,68.7,40.5,28.2,61.3,0.46,8.16,22.3,0.366,12.3,17.3,0.712,10.5,39.7,11.5,4.41,3.22,10.3,16.8
Western Illinois,0.636,68.8,65.7,40.3,25,58.7,0.427,5.91,18.5,0.319,12.9,20.9,0.615,14.6,42.3,12.8,5.24,5.61,13.2,14.2
Western Kentucky NCAA,0.647,80.2,74.4,40,29.3,62.9,0.466,6.85,20.2,0.34,14.8,20.6,0.72,10.6,39.9,13.4,7.65,3.24,13.8,18.4
Western Michigan,0.375,71.3,74.9,40.5,25.9,59.8,0.433,7.91,23.3,0.339,11.6,18.6,0.625,12.6,37.9,13.1,5.28,2.72,13.4,17.2
Wichita State,0.441,72.8,73.1,40.3,27.5,61.5,0.447,6.47,19.4,0.333,11.3,16.2,0.697,11.6,39.4,12.1,6.26,4.18,12.3,15.4
William & Mary,0.303,69.8,72.1,40.2,23.8,57.9,0.412,8.97,27.8,0.323,13.2,18.8,0.702,10.3,35.2,12.3,4.73,1.7,10.8,17
Winthrop,0.531,77.3,71.5,40.9,25.6,55.1,0.464,7.44,21.8,0.341,18.8,26.8,0.702,10.7,35.4,11.9,6.28,2.78,13,17.8
Wisconsin NCAA,0.611,74.7,70,40.4,26.4,57.4,0.461,7.11,20.4,0.349,14.7,19.4,0.755,10.1,34,12.7,6.22,1.64,9.94,16.5
Wofford,0.531,74.5,73.8,40.6,27.3,59.5,0.459,9.56,26.6,0.359,10.3,16.6,0.62,10.5,37.2,15.4,4.44,2.69,11.7,16.3
Wright State,0.563,86.5,81.2,40.5,32.3,60.9,0.53,6.81,17.8,0.383,15.1,19.9,0.757,9.06,34.7,16.5,6.25,2.81,11.8,15.6
Wyoming,0.469,72.8,74.5,40.3,24.7,54.8,0.451,7.53,20.3,0.372,15.9,21.4,0.741,9.59,34.5,11.7,5.16,2.5,12.8,15.6
Xavier,0.471,75.9,74.6,40,27.1,62.2,0.436,6.82,19.9,0.342,14.7,19.8,0.746,11.8,38.1,16.2,6.94,3.38,11.6,16.8
Yale NCAA,0.697,74.7,67.5,40.6,27.8,59.7,0.467,7.3,20.8,0.351,11.7,16.5,0.707,9.88,36.5,15,6.18,3.18,9.58,15.1
Youngstown State,0.688,81.2,70.9,40.3,29.1,64.5,0.451,8.81,27.3,0.323,14.2,18.4,0.771,12.8,40,15.3,6.19,4.88,11,16.3
